match_id,home_ballpossession,away_ballpossession,home_bigchancecreated,away_bigchancecreated,home_totalshotsongoal,away_totalshotsongoal,home_goalkeepersaves,away_goalkeepersaves,home_cornerkicks,away_cornerkicks,home_fouls,away_fouls,home_passes,away_passes,home_totaltackle,away_totaltackle,home_freekicks,away_freekicks,home_yellowcards,away_yellowcards,home_shotsongoal,away_shotsongoal,home_hitwoodwork,away_hitwoodwork,home_shotsoffgoal,away_shotsoffgoal,home_blockedscoringattempt,away_blockedscoringattempt,home_totalshotsinsidebox,away_totalshotsinsidebox,home_totalshotsoutsidebox,away_totalshotsoutsidebox,home_bigchancescored,away_bigchancescored,home_bigchancemissed,away_bigchancemissed,home_fouledfinalthird,away_fouledfinalthird,home_offsides,away_offsides,home_accuratepasses,away_accuratepasses,home_throwins,away_throwins,home_finalthirdentries,away_finalthirdentries,home_accuratelongballs,away_accuratelongballs,home_accuratecross,away_accuratecross,home_duelwonpercent,away_duelwonpercent,home_dispossessed,away_dispossessed,home_groundduelspercentage,away_groundduelspercentage,home_aerialduelspercentage,away_aerialduelspercentage,home_dribblespercentage,away_dribblespercentage,home_wontacklepercent,away_wontacklepercent,home_interceptionwon,away_interceptionwon,home_totalclearance,away_totalclearance,home_goalkicks,away_goalkicks,home_accuratethroughball,away_accuratethroughball,home_redcards,away_redcards
8915390,49,51,4,2,9,17,6,2,3,11,11,12,389,381,12,9,10,10,1,2,3,8,1,0,4,6,2,3,6,14,3,3,1,1,3,1,1,3,1,0,302,312,22,28,41,61,45,31,5,7,57,43,5,7,33,23,20,17,11,5,7,7,8,14,29,7,8,8,,,,
8915444,35,65,3,0,7,20,6,3,8,6,19,10,303,556,24,13,10,19,4,3,6,7,1,0,1,8,0,5,6,11,1,9,3,0,,,1,8,2,2,211,465,11,26,48,79,29,35,2,9,45,55,12,17,36,46,14,15,3,15,13,9,21,7,22,6,11,4,,,,
8915442,49,51,3,3,10,13,4,3,7,6,14,11,393,436,18,16,9,13,4,2,4,6,1,0,3,5,3,2,7,10,3,3,0,2,3,1,3,2,2,2,303,342,19,19,59,45,23,26,7,6,47,53,11,11,36,41,13,15,9,13,8,10,13,13,20,34,6,6,0,1,,
8915466,61,39,8,1,23,9,1,9,8,6,13,12,544,347,24,17,11,13,2,3,12,2,1,0,8,4,3,3,17,3,6,6,3,0,5,1,3,3,3,1,458,259,14,26,52,52,27,26,9,2,61,39,10,13,47,35,22,10,12,5,17,13,12,7,19,21,7,8,3,1,,
8915445,42,58,4,2,11,8,0,1,4,6,15,13,338,465,13,13,13,14,0,3,6,1,1,0,5,4,0,3,7,6,4,2,3,0,1,2,4,4,0,3,280,397,12,22,34,51,25,19,5,5,51,49,7,6,32,34,11,7,6,7,8,8,13,11,23,10,6,5,1,2,,
8915487,34,66,0,4,6,12,3,1,1,6,12,16,279,521,13,16,14,10,3,2,2,3,1,0,4,5,0,4,5,8,1,4,,,0,4,2,5,1,3,206,453,22,26,50,50,25,23,3,8,52,48,11,7,31,32,14,10,5,6,11,9,13,7,24,6,17,7,,,,
8915450,49,51,1,2,8,12,2,3,6,3,16,12,314,330,8,4,12,14,3,0,5,5,0,1,2,6,1,1,6,10,2,2,1,1,0,1,4,5,3,0,227,235,16,24,68,52,33,19,5,6,48,52,1,3,23,27,19,19,3,9,5,3,6,6,7,20,9,7,,,,
8915391,38,62,2,0,9,6,0,3,2,3,12,18,312,514,12,14,18,12,1,1,5,1,0,0,3,4,1,1,6,2,3,4,2,0,,,1,1,2,3,242,430,26,26,37,79,21,25,3,1,53,47,9,7,41,36,13,11,11,10,9,8,17,10,24,12,6,9,,,,
8915421,49,51,0,4,8,12,2,3,4,3,7,17,444,460,19,15,16,7,3,2,4,5,0,0,2,6,2,1,2,8,6,4,0,2,0,2,4,2,0,1,379,405,19,18,60,47,35,28,2,5,61,39,10,13,42,27,14,9,7,5,10,10,7,8,10,12,8,7,,,1,0
8915424,37,63,1,0,12,15,2,4,1,6,12,14,334,538,16,10,13,12,1,2,6,2,0,0,6,7,0,6,6,10,6,5,1,0,,,2,4,2,0,243,450,24,22,38,88,26,31,1,8,54,46,6,9,34,27,22,20,7,5,8,8,13,15,29,6,9,7,,,,
8915419,51,49,3,2,14,3,,,5,6,13,18,374,360,8,9,16,13,2,3,1,1,0,0,10,2,3,0,7,3,7,0,1,1,2,1,5,1,0,1,287,273,30,27,51,38,26,28,7,4,57,43,5,8,34,28,20,12,11,6,6,7,13,14,12,15,6,8,0,1,,
8915447,55,45,0,1,13,10,1,1,6,1,10,13,511,414,7,8,12,9,0,3,1,1,0,1,7,6,5,3,10,5,3,5,,,0,1,2,3,2,9,441,358,20,22,62,47,49,35,6,4,58,42,4,6,33,21,9,10,15,4,6,5,8,12,13,22,11,8,,,,
8915464,44,56,,,8,13,4,1,7,7,17,13,367,470,17,12,13,16,3,0,2,4,0,0,5,4,1,5,5,5,3,8,,,,,0,3,0,4,277,380,13,24,43,66,25,23,7,6,46,54,7,13,34,40,15,18,4,13,7,8,20,11,18,13,7,5,,,1,0
8915393,59,41,4,2,18,10,1,6,5,1,10,12,561,389,19,12,11,10,1,3,8,1,1,0,9,8,1,1,13,10,5,0,2,0,2,2,3,1,1,4,506,328,19,15,64,45,45,28,9,4,57,43,8,10,37,29,11,7,8,8,9,7,7,11,6,20,8,9,1,0,,
8915443,60,40,4,1,12,8,3,2,5,3,18,26,524,349,14,20,25,15,5,4,3,4,0,0,4,1,5,3,8,3,4,5,1,1,3,0,4,3,2,4,456,270,18,15,57,47,36,18,6,2,54,46,9,7,51,45,17,14,12,12,11,12,4,9,7,11,6,8,,,,
8915484,47,53,1,0,7,9,1,2,2,7,14,9,338,371,11,9,7,10,,,3,3,0,1,3,3,1,3,4,6,3,3,1,0,,,2,4,,,258,284,30,33,48,66,26,29,4,4,46,54,4,6,20,27,18,18,3,8,7,6,12,4,21,14,8,12,,,,
8915482,38,62,5,0,16,11,6,5,5,8,14,9,373,593,13,8,8,14,3,1,7,6,1,1,7,5,2,0,9,7,7,4,1,0,4,0,1,3,0,3,281,498,17,27,45,65,17,31,2,7,43,57,4,11,28,34,12,18,7,12,7,3,13,11,29,8,10,11,,,1,0
8915370,57,43,2,4,15,12,4,5,5,2,16,15,516,399,14,5,14,14,3,1,5,6,0,0,5,2,5,4,10,10,5,2,0,2,2,2,1,4,2,2,424,305,25,18,71,51,34,31,8,5,54,46,4,8,38,35,15,10,11,16,6,3,20,20,9,26,1,9,0,1,,
8915465,45,55,6,3,15,14,2,7,7,7,15,12,370,474,20,14,12,15,2,2,9,4,0,0,4,6,2,4,10,11,5,3,2,2,4,1,1,1,1,2,300,385,22,20,56,45,31,22,6,3,52,48,7,7,37,36,14,12,5,8,12,7,16,17,15,17,9,9,0,1,,
8915392,58,42,2,0,12,0,0,4,3,1,15,14,521,392,18,10,11,14,1,6,4,0,1,0,3,0,5,0,6,0,6,0,,,2,0,6,2,2,6,453,317,19,16,65,39,20,27,5,0,43,57,4,13,35,35,8,22,6,12,11,6,6,13,2,24,2,6,,,0,2
8915381,40,60,3,1,7,15,4,1,2,2,8,12,401,587,14,15,12,7,2,3,3,4,0,1,4,7,0,4,6,5,1,10,2,0,1,1,0,4,1,1,301,480,13,32,44,98,31,37,3,2,51,49,7,7,34,29,15,19,8,7,9,9,9,5,24,1,13,5,1,0,0,1
8915448,57,43,1,2,12,13,5,1,5,5,15,21,409,314,12,13,21,13,1,3,2,8,0,0,7,4,3,1,7,10,5,3,1,1,0,1,6,2,2,2,337,244,21,19,48,52,27,28,4,2,50,50,5,7,38,33,13,18,6,7,6,7,7,8,8,20,7,8,,,,
8915395,53,47,3,2,13,9,2,2,2,4,19,10,413,374,14,14,10,18,3,1,4,4,1,0,7,1,2,4,9,5,4,4,1,2,2,0,2,3,2,0,322,282,19,24,54,61,31,24,3,2,42,58,8,12,25,33,7,12,1,4,10,6,11,18,14,26,4,11,1,0,,
8915467,43,57,3,0,11,6,3,2,6,3,14,16,346,452,6,13,14,14,2,3,3,3,0,0,5,2,3,1,6,3,5,3,1,0,2,0,4,4,3,4,266,373,29,20,52,59,22,24,2,2,44,56,7,2,29,34,9,15,9,8,4,8,7,13,16,25,9,4,1,0,,
8915469,58,42,2,1,10,9,3,0,5,5,9,14,491,340,11,24,12,9,1,3,4,4,0,0,5,5,1,0,5,7,5,2,2,1,,,1,2,1,1,414,262,14,21,62,65,27,28,2,6,42,58,13,9,33,40,9,17,10,7,4,11,5,15,16,7,11,9,,,,
8915439,52,48,3,2,11,13,2,3,4,6,15,19,461,413,15,11,19,11,2,1,4,3,1,0,6,7,1,3,6,8,5,5,1,0,2,2,2,2,2,0,391,342,18,17,47,38,40,27,2,6,54,46,8,5,41,34,12,11,7,12,12,6,20,15,19,13,8,8,1,0,,
8915416,34,66,4,0,10,9,1,0,3,4,12,17,286,558,17,10,17,12,4,4,4,2,0,0,4,1,2,6,7,4,3,5,3,0,1,0,5,2,2,2,227,493,17,23,46,52,18,22,2,5,55,45,8,13,40,31,7,8,6,9,12,5,10,12,17,5,8,8,,,,
8915417,54,46,0,1,14,2,2,2,6,2,16,17,377,325,20,13,15,14,1,2,3,2,0,0,8,0,3,0,9,1,5,1,,,0,1,2,3,,,275,224,19,30,70,63,29,27,6,3,60,40,7,15,42,33,26,12,8,6,10,8,8,11,11,17,12,10,,,,
8915478,59,41,,,9,15,1,5,5,9,16,14,415,270,7,18,11,15,7,4,5,1,0,0,2,8,2,6,4,8,5,7,,,,,2,3,1,1,341,219,27,25,33,70,23,20,2,7,42,58,17,5,21,35,15,15,6,2,6,11,7,14,22,12,18,6,1,0,,
8915486,49,51,3,0,10,5,2,4,7,3,21,11,434,472,18,10,11,20,0,2,5,2,0,0,1,1,4,2,7,2,3,3,1,0,2,0,2,2,4,2,346,392,22,13,55,49,28,44,5,3,47,53,7,10,37,37,13,20,8,8,10,6,8,16,12,18,5,3,,,,
8915455,50,50,1,0,10,4,2,1,5,6,16,11,392,403,19,15,11,15,4,2,2,3,0,0,5,1,3,0,4,4,6,0,1,0,,,3,0,0,3,322,331,21,27,44,44,41,26,3,3,52,48,7,12,42,42,10,6,12,12,12,12,18,10,14,25,6,8,,,0,1
8915460,52,48,2,0,14,12,2,5,7,2,8,17,378,365,21,14,16,5,1,2,5,3,0,1,7,7,2,2,12,7,2,5,,,2,0,2,1,3,0,278,272,32,26,61,46,36,25,5,6,61,39,11,11,49,21,19,23,13,2,12,10,14,7,12,20,9,11,,,,
8915358,37,63,3,0,14,7,1,3,7,3,19,10,240,427,12,16,10,19,4,2,4,1,1,0,7,4,3,2,10,4,4,3,1,0,2,0,3,3,4,2,164,331,16,25,50,75,25,19,7,3,49,51,12,8,31,38,22,17,10,6,11,10,11,12,29,12,12,10,,,,
8915356,65,35,,,24,2,0,4,10,3,11,12,554,296,16,17,10,11,1,2,5,0,0,0,12,1,7,1,13,1,11,1,,,,,2,0,1,1,477,216,25,25,80,38,36,36,8,2,47,53,9,7,30,32,14,17,4,5,12,12,12,12,10,21,1,12,,,,
8915394,52,48,0,1,11,7,2,5,9,3,14,11,444,421,6,14,10,14,1,3,5,2,0,0,4,3,2,2,6,4,5,3,,,0,1,0,1,2,1,382,358,22,10,78,47,37,24,4,3,41,59,9,5,21,37,9,6,5,9,4,12,4,10,9,14,5,8,,,,
8915387,51,49,2,2,8,13,2,2,3,7,15,10,449,423,15,9,9,13,2,2,4,3,1,0,4,6,0,4,6,6,2,7,2,1,0,1,1,3,2,1,366,338,19,18,70,52,42,25,6,3,45,55,2,9,25,29,12,16,1,8,10,7,15,12,16,10,11,3,,,1,0
8915357,54,46,0,3,7,11,4,2,6,6,13,11,499,422,7,10,11,13,1,0,2,5,0,0,3,5,2,1,4,7,3,4,,,0,3,1,1,4,2,420,339,21,21,58,42,32,22,6,5,46,54,10,6,26,28,17,22,9,8,4,8,10,5,21,13,6,6,0,1,,
8915435,60,40,7,0,24,5,0,9,6,3,14,12,604,397,11,17,11,13,2,3,15,0,1,0,9,5,0,0,16,4,8,1,4,0,3,0,1,2,4,2,566,335,8,16,38,43,34,33,5,2,45,55,7,10,31,36,7,10,10,6,10,8,13,5,6,7,8,7,1,1,,
8915422,63,37,1,3,13,10,2,4,6,5,9,12,622,360,20,23,11,8,2,2,4,4,0,0,4,4,5,2,8,7,5,3,0,1,1,2,2,0,5,0,541,271,24,9,75,44,27,40,10,3,57,43,12,14,44,38,16,8,13,7,11,20,9,19,17,15,7,9,1,0,,
8915353,41,59,2,1,12,12,3,7,6,7,12,15,377,542,8,12,14,11,1,1,8,3,0,0,2,8,2,1,6,7,6,5,,,2,1,2,1,1,2,286,463,15,16,49,73,44,24,4,7,51,49,5,4,28,41,21,7,8,18,3,9,13,10,23,12,14,5,0,1,,
8915380,68,32,4,2,15,9,1,4,2,3,9,17,506,241,14,22,14,8,0,4,10,4,1,0,5,3,0,2,13,6,2,3,2,2,2,0,7,2,3,0,418,150,24,22,62,47,37,16,6,4,50,50,13,8,35,37,16,13,7,7,8,18,9,17,6,14,7,6,1,0,0,1
8915480,54,46,0,5,12,18,4,2,4,6,15,15,410,340,17,21,14,14,3,3,3,8,1,0,4,7,5,3,3,14,9,4,0,3,0,2,4,3,0,5,331,264,27,28,60,67,33,33,0,10,55,45,8,8,46,38,19,15,15,3,11,15,3,14,26,14,7,7,,,1,0
8915461,67,33,2,2,19,9,2,7,4,4,13,14,541,268,19,14,14,13,4,2,8,3,1,0,8,4,3,2,9,8,10,1,1,1,1,1,1,3,1,2,457,178,24,25,71,44,35,19,6,5,50,50,11,7,43,41,19,20,10,14,11,10,7,3,11,16,5,12,,,,
8915339,49,51,0,1,12,17,4,6,4,4,10,13,512,533,11,24,13,9,1,1,6,6,0,0,1,3,5,8,5,12,7,5,,,0,1,3,3,2,2,439,437,29,19,59,56,23,28,3,6,43,57,11,7,32,40,11,17,8,7,6,14,12,14,16,19,6,3,,,,
8915365,58,42,2,1,13,15,4,2,2,7,20,15,447,326,13,12,15,18,5,5,3,5,3,0,8,6,2,4,9,8,4,7,1,0,1,1,3,3,3,1,383,258,18,14,57,45,27,24,10,3,52,48,9,5,39,41,18,11,11,11,9,7,11,8,10,12,8,10,,,2,2
8915368,46,54,3,1,14,10,4,2,4,4,12,14,398,467,7,10,12,10,4,1,3,5,0,0,8,4,3,1,9,5,5,5,0,1,3,0,4,3,1,1,316,375,13,21,63,66,29,37,3,5,47,53,7,4,26,32,11,10,7,12,6,7,15,9,19,9,8,10,0,1,1,0
8915367,47,53,3,7,8,19,5,3,4,7,10,21,370,422,13,17,18,9,3,4,5,8,0,0,2,10,1,1,7,12,1,7,2,3,1,4,4,3,1,2,285,339,16,19,38,66,32,20,4,5,53,47,8,5,39,36,20,17,8,10,7,11,12,14,22,19,11,6,0,2,,
8915388,42,58,1,1,7,22,6,4,3,10,17,15,343,479,10,13,12,15,5,3,5,8,0,1,2,9,0,5,5,12,2,10,1,0,0,1,2,4,3,2,248,393,13,12,52,52,29,40,4,4,45,55,11,4,25,37,21,19,3,9,6,8,11,12,30,10,12,6,0,1,1,0
8915468,64,36,1,1,9,14,4,0,5,4,11,13,573,332,18,29,11,9,1,0,1,6,1,1,5,5,3,3,4,7,5,7,0,1,1,0,2,2,0,2,473,247,36,22,72,57,22,26,4,3,40,60,23,13,35,50,10,17,7,13,13,15,10,26,7,27,6,10,,,,
9161642,46,54,2,2,11,14,4,6,2,6,17,16,336,378,19,11,16,15,3,3,8,4,1,0,3,8,0,2,8,6,3,8,1,0,1,2,3,3,2,2,249,285,16,26,49,77,37,28,3,10,54,46,8,12,41,38,23,16,7,13,13,6,15,11,19,10,10,5,,,,
8915336,59,41,3,1,14,3,0,4,7,5,17,12,494,351,10,17,10,17,1,1,4,0,1,0,10,1,0,2,11,2,3,1,,,3,1,1,0,2,1,420,267,27,16,71,49,42,27,7,2,44,56,13,5,29,43,14,12,9,9,7,10,10,8,12,30,6,13,1,0,,
8915337,37,63,2,3,10,11,4,3,6,4,17,12,296,526,12,15,11,15,3,5,4,4,0,1,1,6,5,1,6,5,4,6,,,2,3,2,1,2,5,206,430,19,32,53,59,32,34,6,1,48,52,10,8,29,36,22,19,6,7,5,6,6,6,18,12,7,4,0,1,,
8915372,63,37,5,0,30,6,1,4,12,1,6,8,557,349,11,13,7,6,,,9,2,1,1,16,3,5,1,19,5,11,1,4,0,1,0,3,0,2,3,483,267,21,13,85,33,36,30,7,2,45,55,10,6,24,28,13,18,6,9,7,10,4,12,3,27,2,18,1,0,0,1
8915340,45,55,1,2,4,13,2,1,3,3,14,11,362,433,15,18,9,13,1,4,2,4,0,1,2,6,0,3,3,7,1,6,1,0,0,2,3,2,2,4,284,364,23,25,58,62,27,34,2,2,42,58,9,10,28,40,12,16,4,10,7,9,9,12,14,12,10,5,,,0,1
8915344,44,56,2,1,11,5,0,2,5,6,10,12,356,470,13,19,12,8,,,4,1,0,0,5,3,2,1,8,2,3,3,1,1,1,0,3,1,4,3,276,377,23,22,44,63,22,28,5,4,56,44,4,8,44,35,14,11,19,8,11,10,15,6,23,13,6,11,1,0,,
8915454,55,45,5,0,19,8,3,6,4,4,12,14,445,372,17,11,14,10,1,1,8,4,0,0,9,4,2,0,13,6,6,2,2,0,3,0,5,3,0,1,388,305,13,19,37,46,23,29,8,3,62,38,6,7,51,27,9,10,20,6,11,7,13,10,10,20,13,9,2,0,,
8915488,48,52,4,0,20,13,4,4,10,2,17,12,404,455,15,8,11,15,2,1,6,5,2,0,9,5,5,3,9,5,11,8,1,0,3,0,2,2,,,325,379,23,18,52,67,26,36,10,4,46,54,7,12,37,39,12,19,11,16,9,5,9,8,12,18,7,7,,,,
8915374,50,50,0,2,9,18,2,3,2,5,15,14,433,425,17,17,14,14,2,3,5,5,0,0,2,8,2,5,2,11,7,7,0,2,,,1,4,1,1,331,329,25,32,54,52,30,20,0,6,48,52,12,10,43,41,14,20,12,11,11,11,15,16,21,7,7,5,,,0,1
8915341,58,42,1,2,9,4,1,2,5,0,18,11,505,387,18,16,11,16,2,2,2,3,0,0,6,0,1,1,5,2,4,2,0,2,1,0,5,1,1,1,410,296,32,23,96,45,35,29,7,0,48,52,7,9,40,42,17,19,11,10,13,9,11,15,4,25,3,11,0,1,,
9220891,45,55,5,0,11,9,4,3,3,4,5,10,371,456,18,24,10,5,3,3,5,4,0,0,5,3,1,2,8,5,3,4,2,0,3,0,3,1,1,1,278,384,27,25,52,46,19,20,5,4,47,53,11,10,36,42,11,10,8,13,6,9,11,10,11,15,8,4,,,0,1
8915347,50,50,3,3,18,14,5,4,7,5,6,13,447,437,7,11,12,6,1,1,9,6,0,0,5,7,4,1,11,9,7,5,1,1,2,2,6,1,1,0,383,387,13,18,49,42,24,30,2,6,49,51,5,1,33,25,5,15,14,8,3,5,11,12,13,19,7,6,0,1,,
8915331,42,58,0,6,12,17,8,1,2,5,9,10,400,525,17,15,10,8,3,2,4,11,0,0,5,4,3,2,6,10,6,7,0,1,0,5,0,2,1,3,314,443,14,27,47,71,19,39,2,9,55,45,5,10,47,35,11,12,20,13,11,9,14,10,22,13,8,6,,,,
8915324,57,43,2,3,15,10,6,4,7,9,16,16,431,322,24,10,14,13,3,3,5,7,0,0,7,0,3,3,10,7,5,3,0,1,2,2,2,6,3,3,347,258,23,22,53,50,31,41,7,4,51,49,6,11,41,35,8,13,4,13,17,6,9,10,17,21,3,10,,,,
8915350,62,38,3,1,12,8,1,2,7,3,10,14,508,316,12,18,13,9,1,3,4,1,0,0,5,5,3,2,7,4,5,4,1,0,2,1,5,2,1,9,420,222,21,22,58,48,34,25,8,2,57,43,11,8,43,32,20,15,18,5,4,10,12,14,10,15,12,9,,,,
8915346,55,45,0,2,12,12,4,5,2,3,14,15,614,492,16,12,15,12,3,2,6,4,0,0,6,7,0,1,4,5,8,7,,,0,2,6,0,2,3,543,413,15,16,71,61,36,24,3,4,47,53,5,9,36,46,11,7,7,22,7,5,7,11,8,5,8,10,,,,
8915325,52,48,2,3,13,12,4,4,2,7,14,8,480,445,17,14,8,14,3,1,5,5,0,0,3,5,5,2,7,7,6,5,1,1,1,2,3,3,2,2,407,369,19,23,60,63,40,26,9,2,39,61,9,9,27,38,5,12,3,11,10,9,9,9,18,21,5,6,,,,
8915351,69,31,1,0,16,6,1,5,4,1,14,15,629,282,28,19,14,14,3,0,6,1,0,0,6,3,4,2,12,2,4,4,1,0,,,3,2,3,2,510,186,26,27,72,49,28,19,10,3,59,41,13,19,50,39,30,16,9,7,21,16,11,20,11,18,6,7,,,,
8915360,40,60,0,8,5,28,6,1,0,12,11,14,336,476,20,11,14,10,2,3,2,11,0,3,3,12,0,5,2,19,3,9,0,1,0,7,1,3,0,2,243,415,14,21,50,55,25,37,1,15,54,46,10,7,42,34,26,24,8,14,12,8,10,18,29,8,15,5,,,1,1
8915473,53,47,2,2,10,7,3,3,2,2,14,7,499,441,11,8,6,14,4,2,4,4,2,0,5,1,1,2,9,3,1,4,0,1,2,1,2,2,2,2,422,363,11,15,51,59,25,26,6,1,55,45,4,7,28,29,19,10,11,7,3,6,9,4,21,9,3,7,0,1,1,0
9161643,35,65,5,1,9,17,4,3,4,6,15,17,271,502,12,16,15,15,2,3,5,4,0,0,3,7,1,6,7,9,2,8,,,5,1,3,3,3,2,182,415,17,21,38,51,18,23,5,7,38,62,10,10,31,41,7,22,4,11,6,8,10,5,17,9,8,7,1,0,,
8915327,31,69,3,1,8,9,2,3,5,2,22,8,247,567,24,15,6,19,2,1,6,3,0,1,1,5,1,1,5,4,3,5,2,1,1,0,1,2,0,1,169,480,28,25,51,80,34,35,2,5,47,53,11,21,41,40,13,21,12,7,11,10,10,11,18,10,9,4,,,0,1
8915332,48,52,4,2,16,11,2,2,3,7,19,14,444,476,25,16,14,18,3,0,4,4,0,0,11,4,1,3,13,7,3,4,1,0,3,2,3,6,5,2,377,397,18,9,55,64,42,27,4,6,50,50,9,21,42,40,10,11,4,6,17,12,12,13,24,13,5,15,,,,
8915322,63,37,1,2,9,7,4,4,8,8,17,13,520,304,24,23,12,16,2,3,4,5,0,0,4,2,1,0,5,6,4,1,1,0,0,2,4,0,1,1,446,226,22,20,64,43,30,19,5,6,52,48,18,18,48,44,18,18,12,6,14,15,8,7,16,24,7,6,0,1,,
8915334,54,46,2,2,13,11,2,2,9,6,10,11,447,375,9,17,10,10,2,0,3,3,0,1,6,8,4,0,10,5,3,6,1,1,1,1,2,4,0,1,376,290,18,19,57,56,26,23,6,2,38,62,7,6,21,36,9,13,2,9,4,10,8,8,20,16,15,10,,,1,0
8915371,52,48,1,2,13,12,3,2,13,4,15,14,454,441,11,16,12,10,2,3,2,5,1,0,5,4,6,3,9,3,4,9,0,1,1,1,1,2,1,1,369,348,24,22,79,38,28,32,3,2,53,47,9,8,33,31,18,14,10,6,6,10,12,16,6,35,6,15,0,1,,
8915330,42,58,4,1,14,14,1,3,10,3,16,16,339,489,17,18,15,15,5,3,5,3,1,1,7,7,2,4,10,8,4,6,2,1,2,0,4,4,1,1,247,394,26,23,67,56,20,27,6,4,47,53,12,8,34,39,23,26,4,8,10,11,12,12,17,17,11,6,0,1,,
8915472,30,70,2,1,9,22,3,5,2,9,20,13,241,545,18,14,13,19,1,2,7,3,0,1,2,9,0,10,3,12,6,10,2,0,0,1,1,4,0,1,164,470,15,25,37,70,19,16,1,6,51,49,9,11,45,44,17,16,14,11,15,11,13,10,25,6,13,5,,,,
8915333,71,29,1,0,22,6,1,3,17,3,7,10,583,258,12,18,10,6,0,3,5,2,2,1,10,4,7,0,12,4,10,2,1,0,,,3,1,3,2,513,172,22,13,98,49,40,24,10,2,51,49,13,6,30,31,15,12,8,7,6,11,12,22,6,42,5,15,,,0,1
8915326,43,57,1,3,11,15,5,3,3,6,11,12,370,497,15,19,12,11,4,2,3,6,0,0,7,6,1,3,4,9,7,6,,,1,3,4,4,1,3,306,439,22,15,46,66,24,32,3,6,48,51,16,8,33,39,14,11,6,9,13,16,13,12,10,10,11,11,,,1,0
8915458,44,56,1,1,10,8,1,5,7,2,18,14,377,509,14,11,12,17,5,3,6,3,1,0,2,3,2,2,5,5,5,3,0,1,1,0,1,2,1,0,316,424,19,15,50,51,26,20,6,2,46,54,7,7,31,35,8,11,5,8,10,5,9,8,10,16,5,6,0,1,,
8915308,59,41,3,2,19,9,3,4,5,5,15,16,525,349,7,18,14,14,4,3,5,4,0,0,7,5,7,0,10,6,9,3,1,0,2,2,3,2,0,2,445,266,15,14,57,53,26,27,5,5,47,53,13,3,34,36,12,16,13,5,5,14,12,10,14,12,8,12,,,,
8915321,65,35,1,0,13,10,4,4,6,3,9,16,593,335,11,20,16,8,2,3,4,5,0,1,8,2,1,3,8,6,5,4,,,1,0,2,1,3,1,501,228,29,23,56,62,74,33,8,2,58,42,8,7,37,33,29,15,10,5,6,15,8,15,10,18,5,12,,,,
8915316,55,45,1,4,11,10,0,4,5,3,19,9,459,393,16,22,8,17,3,1,5,5,0,1,3,4,3,1,7,7,4,3,1,2,0,2,0,3,2,2,398,316,19,25,57,48,30,25,7,1,37,63,13,8,29,48,10,19,5,11,10,15,10,16,12,21,10,6,,,,
8915329,44,56,4,2,20,19,5,4,4,8,12,17,393,491,18,15,14,12,3,5,8,7,0,1,8,8,4,4,13,15,7,4,3,0,1,2,5,4,3,1,311,416,17,20,41,45,30,20,3,4,58,42,6,11,45,32,19,15,13,5,13,8,14,3,21,11,7,7,,,0,1
8915309,51,49,2,0,14,7,0,4,6,4,14,15,405,405,10,14,15,12,1,2,6,1,0,0,8,2,0,4,8,4,6,3,1,0,1,0,3,2,1,1,337,318,25,15,63,42,20,30,7,3,52,48,8,5,39,33,16,17,15,8,5,9,10,9,15,21,2,13,,,,
8915375,54,46,5,6,11,14,5,1,7,6,17,11,429,357,12,20,11,14,2,2,4,7,1,1,4,6,3,1,9,10,2,4,3,1,2,5,2,3,2,3,351,285,21,19,41,69,25,29,0,5,43,57,14,9,39,40,8,22,16,8,10,13,7,11,10,9,7,7,0,2,,
8915310,60,40,2,1,16,8,2,5,5,5,12,9,569,374,9,13,9,10,3,3,8,3,0,0,4,2,4,3,10,1,6,7,2,1,,,3,2,5,0,498,294,27,20,56,50,39,33,9,2,51,49,12,4,20,31,17,4,2,8,5,7,11,11,14,14,9,7,1,0,,
8915312,31,69,1,2,4,10,3,3,5,3,16,11,304,688,18,11,8,15,5,1,3,5,0,1,1,4,0,1,3,6,1,4,0,1,1,1,1,3,6,0,233,605,15,12,34,79,23,30,0,3,47,53,8,15,29,29,8,13,4,3,12,7,8,18,19,8,6,3,,,1,0
8915315,47,53,1,2,11,21,5,2,4,10,11,13,405,425,15,12,12,10,2,3,3,7,0,1,7,7,1,7,9,13,2,8,,,1,2,3,2,1,5,323,353,15,18,50,52,29,16,0,5,50,50,9,10,36,44,14,6,9,22,6,6,11,10,26,11,10,11,0,1,,
8915459,72,28,9,1,27,3,0,11,10,2,12,13,636,251,15,9,12,12,1,4,12,1,1,0,9,2,6,0,19,2,8,1,1,0,8,1,4,0,3,0,570,172,19,13,86,38,47,28,11,0,58,42,8,8,38,31,21,12,12,12,9,5,11,14,10,29,4,13,1,0,0,1
8915313,50,50,,,14,8,0,3,5,5,11,13,440,445,10,11,12,10,2,4,3,1,0,0,8,5,3,2,2,2,12,6,,,,,4,4,3,2,358,366,18,17,47,54,28,35,4,2,50,50,1,6,33,31,12,14,12,10,9,8,13,18,13,19,7,10,,,0,1
8915379,42,58,1,2,6,12,3,3,3,7,17,13,332,434,14,11,13,17,6,3,5,5,0,0,1,5,0,2,5,8,1,4,1,1,0,1,2,7,1,0,246,357,14,15,51,70,28,40,1,8,45,55,7,7,32,40,20,24,5,13,8,4,11,6,33,5,8,8,0,2,1,0
8915306,52,48,3,3,18,12,5,4,6,4,11,12,490,454,18,15,11,11,2,1,7,7,0,0,5,1,6,4,13,9,5,3,2,2,1,1,2,2,0,1,404,365,21,28,50,59,26,32,2,1,46,54,10,9,41,49,12,14,12,23,9,7,9,9,13,18,5,6,2,0,,
8915323,46,54,0,4,4,21,7,0,1,7,9,9,462,549,14,10,7,9,6,1,0,11,0,1,4,8,0,2,1,11,3,10,0,3,0,1,1,1,5,1,399,488,17,16,38,52,28,21,2,4,51,49,4,10,29,29,12,11,8,10,5,9,7,10,19,6,8,6,1,0,1,0
8915320,49,51,2,2,11,11,4,2,2,8,13,17,408,406,8,12,15,13,3,3,4,6,0,0,6,4,1,1,7,9,4,2,1,1,1,1,2,3,3,2,325,329,18,17,56,59,30,33,2,5,52,48,5,4,33,33,14,10,10,8,6,8,16,9,16,9,10,7,,,0,1
8915470,50,50,1,1,18,11,3,7,3,4,12,14,456,457,13,23,14,12,3,5,8,3,0,0,7,5,3,3,7,6,11,5,1,0,0,1,3,3,2,4,376,359,21,17,52,64,25,32,1,4,48,52,17,10,32,43,21,14,5,8,8,15,9,16,18,12,8,10,1,0,,
8915452,44,56,6,3,13,20,5,7,5,3,15,8,383,470,15,16,8,15,2,2,9,5,0,0,2,11,2,4,9,9,4,11,2,0,4,3,0,4,3,2,292,376,19,24,52,78,34,37,1,7,46,54,15,9,32,40,11,11,9,9,7,15,22,20,24,8,11,4,0,1,,
8915457,60,40,5,3,18,7,0,2,9,1,12,9,491,340,17,13,8,12,6,4,5,4,1,1,9,2,4,1,11,4,7,3,3,3,2,0,4,3,0,3,404,256,26,19,69,47,21,11,9,3,44,56,7,6,32,37,10,17,7,12,13,9,12,14,9,30,1,10,,,0,1
8915317,54,46,2,1,18,10,4,5,6,4,14,12,482,415,11,7,12,13,1,1,4,4,0,0,11,4,3,2,12,4,6,6,,,2,1,2,4,1,2,418,345,16,18,51,53,38,19,7,3,54,46,1,5,35,29,10,9,12,9,7,5,10,9,14,13,7,9,,,,
8915319,55,45,3,1,7,6,0,5,6,3,11,13,443,366,10,10,12,9,1,3,5,1,0,0,0,4,2,1,5,5,2,1,0,1,3,0,3,1,3,2,369,288,30,21,52,40,41,27,6,2,57,43,6,5,31,24,17,12,9,6,6,5,11,9,11,21,7,3,,,,
8915304,68,32,5,0,17,6,2,2,6,3,14,11,637,295,16,14,10,13,1,0,5,2,1,0,7,2,5,2,11,1,6,5,3,0,2,0,3,3,2,3,560,224,19,21,67,40,22,20,6,0,58,42,8,9,39,37,18,4,14,11,9,9,16,13,7,30,5,13,,,0,1
8915314,33,67,0,2,14,16,5,2,4,9,14,9,248,497,15,16,7,13,4,2,4,6,0,0,6,5,4,5,6,10,8,6,0,1,0,1,1,4,2,0,163,397,19,30,48,60,16,31,2,5,47,53,10,11,29,38,17,14,8,12,9,11,8,5,21,9,9,8,,,,
8915305,66,34,2,1,6,12,4,1,6,4,13,12,564,285,11,18,10,12,2,2,2,5,0,0,3,6,1,1,5,9,1,3,1,1,1,0,2,1,1,3,478,213,24,13,59,38,36,30,6,5,43,57,9,4,31,38,9,14,10,8,4,10,8,24,9,17,7,4,0,1,,
8915300,65,35,5,0,16,10,3,4,2,9,9,15,634,321,17,7,13,9,0,1,6,3,0,0,8,5,2,2,12,5,4,5,1,0,4,0,6,2,4,1,563,249,23,21,67,38,32,17,4,3,59,41,5,10,39,27,10,7,9,11,11,5,8,14,14,18,6,10,,,0,1
8915453,41,59,0,2,10,11,4,3,4,2,17,11,330,483,11,8,10,14,3,2,3,5,1,0,6,4,1,2,5,7,5,4,0,1,0,1,2,6,0,2,241,401,18,19,73,64,40,30,3,3,58,42,2,8,35,29,22,13,14,7,8,5,11,8,26,19,10,10,,,,
8915299,61,39,4,1,13,11,1,2,7,5,10,17,534,335,10,13,16,9,3,2,4,1,0,0,6,7,3,3,11,5,2,6,2,0,2,1,3,2,2,1,466,259,11,16,52,49,25,28,7,1,50,50,7,8,29,27,12,14,3,6,7,9,20,15,13,17,7,8,2,0,0,1
8915302,41,59,0,1,8,9,2,2,6,5,17,19,337,495,23,15,18,17,4,1,4,3,0,0,2,4,2,2,3,4,5,5,0,1,,,3,3,5,3,225,410,22,20,68,55,30,30,4,6,51,49,10,10,44,37,9,13,5,5,18,10,9,18,15,15,5,4,,,,
8915471,46,54,1,0,13,6,3,3,4,5,19,12,342,400,18,12,11,19,3,2,4,3,0,0,6,1,3,2,8,4,5,2,1,0,,,0,5,2,0,247,296,22,27,50,62,20,39,2,2,49,51,4,8,36,43,17,13,8,13,13,11,15,15,26,11,2,9,2,0,,
8915362,57,43,3,2,18,10,0,7,11,4,17,11,427,322,10,16,9,13,3,4,7,2,1,0,7,6,4,2,13,6,5,4,0,2,3,0,3,3,1,3,327,240,24,18,68,42,37,24,7,4,49,51,9,7,29,33,17,15,10,4,6,11,9,18,10,28,9,8,,,0,1
8915301,50,50,4,1,10,6,0,3,6,6,13,12,496,482,16,22,10,11,0,1,4,1,0,0,3,4,3,1,8,5,2,1,1,1,3,0,3,3,0,2,420,405,22,18,39,49,26,43,4,4,49,51,12,7,44,38,10,19,18,6,8,17,8,7,21,16,6,5,1,0,,
8915412,51,49,5,3,17,13,2,3,3,7,16,12,400,376,20,12,12,14,2,2,6,4,0,1,6,7,5,2,11,10,6,3,3,2,2,1,4,7,0,1,284,269,23,24,66,67,20,22,3,5,54,46,6,11,44,42,29,19,14,17,12,7,16,15,27,21,10,11,0,1,,
8915413,44,56,3,4,7,13,2,2,1,4,17,9,376,482,9,18,9,17,1,7,5,3,0,0,1,6,1,4,7,9,0,4,2,0,1,4,2,4,1,3,295,401,14,16,49,64,30,25,3,5,39,61,3,5,28,46,8,10,10,11,6,12,10,7,13,13,14,1,,,0,2
8915462,46,54,,,18,11,4,5,4,4,6,10,442,523,16,18,10,6,0,3,6,4,0,0,9,4,3,3,10,4,8,7,,,,,3,1,3,1,372,456,20,20,54,61,42,22,4,3,43,57,13,10,28,38,8,10,2,14,8,10,17,8,10,6,10,10,,,,
8915303,50,50,3,2,13,12,3,4,3,4,18,16,399,400,18,11,16,15,3,5,7,5,0,0,3,4,3,3,5,9,8,3,1,1,2,1,5,5,2,2,319,309,19,22,48,56,24,27,2,5,54,46,9,14,43,35,18,16,10,9,13,7,13,9,17,9,6,9,,,,
8915446,65,35,1,3,20,10,3,6,9,2,15,15,538,309,20,15,14,15,3,2,6,6,1,0,9,2,5,2,10,8,10,2,0,1,1,2,2,2,,,454,218,21,14,65,44,28,35,9,3,49,51,8,14,42,43,15,16,9,14,14,9,14,16,5,30,5,17,0,1,,
8915429,41,59,5,1,11,8,1,2,4,2,8,15,340,520,6,15,14,8,5,3,5,4,1,0,4,3,2,1,9,7,2,1,4,1,1,0,7,1,1,5,268,445,19,15,65,53,38,38,5,2,43,57,8,5,24,32,10,14,4,9,2,8,8,6,9,20,4,8,2,1,1,0
8915307,52,48,1,3,14,11,3,4,6,8,16,14,343,336,14,18,14,15,2,1,4,4,0,0,9,5,1,2,9,8,5,3,0,1,1,2,3,4,1,1,274,255,21,18,42,58,26,37,6,4,50,50,9,11,35,40,17,11,8,8,10,12,14,18,15,23,10,12,,,,
8915311,43,57,1,3,20,10,3,4,6,4,13,17,344,460,18,13,16,11,5,3,6,3,1,0,8,7,6,0,10,4,10,6,1,1,0,2,8,2,2,2,266,370,23,26,47,42,29,29,7,4,55,45,7,4,47,37,19,16,13,13,12,4,9,11,17,17,10,10,,,1,0
8915396,62,38,3,2,19,9,1,5,4,4,14,8,513,306,13,18,8,14,2,1,6,3,1,0,7,5,6,1,12,5,7,4,1,2,2,0,1,3,2,0,432,220,28,15,70,60,41,34,8,3,48,52,8,7,38,37,14,20,17,5,8,12,11,13,17,28,9,13,1,0,,
8915403,47,53,1,1,9,12,5,2,4,8,10,11,434,501,10,13,11,9,1,0,2,5,0,0,6,6,1,1,6,6,3,6,,,1,1,3,3,0,1,356,429,17,25,54,50,34,30,3,4,42,58,9,7,25,31,9,16,4,9,8,6,8,11,14,15,7,9,,,,
8915440,40,60,3,2,7,15,0,2,4,8,11,22,371,538,13,11,17,11,7,4,4,1,0,0,2,8,1,6,5,9,2,6,2,1,1,1,3,5,3,0,280,470,19,11,48,63,35,25,2,6,51,49,4,7,37,35,18,18,8,13,9,4,8,11,30,17,12,7,,,1,1
8915411,55,45,3,4,8,13,2,2,2,3,18,14,411,350,16,12,13,17,3,2,2,3,2,0,6,9,0,1,7,7,1,6,0,1,3,3,2,5,2,3,322,264,18,18,61,49,27,24,3,2,42,58,3,9,36,39,9,22,7,10,10,5,14,17,8,14,11,7,1,0,,
8915428,47,53,4,1,18,4,0,5,9,3,11,19,393,441,15,17,18,11,1,4,8,1,1,1,3,2,7,1,11,3,7,1,2,1,2,0,5,2,2,2,313,372,24,13,59,45,28,37,6,2,59,41,5,5,44,32,14,8,11,4,7,11,7,11,16,20,5,4,,,,
8915423,36,64,4,1,15,10,4,3,2,3,21,13,296,530,10,11,12,18,3,2,5,4,0,0,8,4,2,2,11,5,4,5,2,0,2,1,5,4,3,3,219,438,19,24,54,73,22,50,4,4,50,50,8,5,29,38,22,12,8,9,7,7,14,13,19,8,13,8,0,1,,
8915404,39,61,2,2,10,14,3,1,7,4,12,15,301,480,10,18,13,11,3,3,4,4,1,1,1,10,5,0,6,7,4,7,2,1,0,1,6,1,1,5,224,396,19,21,43,70,31,27,4,8,47,53,13,4,30,37,16,14,9,8,6,10,7,10,16,15,16,4,,,,
8915449,51,49,1,1,9,15,4,2,4,5,12,18,394,379,13,25,16,12,3,1,3,5,0,0,6,4,0,6,5,9,4,6,1,1,,,2,2,2,1,278,263,29,23,51,44,30,19,6,4,51,49,19,6,41,45,20,14,14,8,8,17,19,12,22,12,7,8,,,1,0
8915398,20,80,1,1,5,17,7,1,3,8,25,16,155,644,15,13,16,23,8,2,2,7,1,0,3,6,0,4,3,11,2,6,1,0,0,1,1,6,1,2,82,572,11,20,34,93,18,51,0,11,40,60,9,9,30,42,10,19,1,6,5,10,14,10,32,7,13,1,,,1,0
8915420,61,39,5,1,14,8,4,3,10,6,14,18,486,323,23,16,14,14,3,2,7,4,0,0,4,1,3,3,9,4,5,4,3,0,2,1,5,2,3,1,409,236,18,16,70,40,20,12,7,0,60,40,14,11,49,33,15,9,12,5,13,8,18,20,11,22,2,11,,,,
8915451,57,43,2,1,9,5,2,2,4,2,10,13,524,395,24,13,10,10,4,1,4,2,0,0,3,1,2,2,6,1,3,4,1,0,1,1,2,1,4,5,442,311,16,27,69,47,32,28,2,0,54,46,9,11,45,36,15,16,11,14,17,6,10,6,13,13,4,6,,,,
8915463,48,52,,,3,10,3,1,2,3,10,12,497,520,7,13,10,10,0,1,1,4,0,1,2,3,0,3,2,5,1,5,,,,,1,4,7,0,418,431,19,23,55,55,28,37,2,4,44,56,8,6,23,34,17,16,6,11,4,8,10,14,25,8,6,4,,,,
8915402,60,40,1,0,18,8,1,6,6,2,13,17,486,326,25,10,15,13,1,1,5,2,0,0,10,4,3,2,10,3,8,5,,,1,0,2,2,5,0,370,231,18,31,75,60,35,37,8,1,56,44,6,19,50,32,21,23,10,10,19,4,12,13,13,20,5,12,,,,
8915407,61,39,4,2,15,12,4,5,8,7,9,9,559,347,12,12,7,8,1,1,8,5,0,0,4,5,3,2,11,8,4,4,2,0,2,2,3,2,3,3,470,255,20,17,61,43,27,14,7,5,48,52,5,5,24,23,16,20,6,5,8,7,17,18,17,8,8,8,2,0,,
8915434,71,29,2,4,14,13,6,4,6,1,13,19,607,249,13,12,18,12,2,2,5,7,0,0,6,5,3,1,7,9,7,4,0,1,2,3,2,1,0,2,514,158,15,17,65,48,36,26,8,5,53,47,7,9,36,27,19,21,6,4,12,8,9,10,6,21,6,15,1,0,,
8915386,68,32,3,4,13,11,3,5,12,4,8,14,472,226,10,14,14,8,4,2,6,5,2,0,5,5,2,1,9,7,4,4,0,2,3,2,5,1,1,2,406,166,24,19,63,41,29,25,8,2,54,46,6,4,35,29,10,9,12,8,6,10,7,8,9,40,10,10,1,0,1,0
8915433,53,47,4,3,15,19,2,0,7,10,16,10,417,365,16,10,9,14,2,4,4,3,0,2,6,10,5,6,14,11,1,8,1,1,3,2,2,1,3,1,335,281,23,20,60,37,28,21,9,4,47,53,6,9,30,30,15,20,5,6,8,8,15,8,21,20,12,8,,,0,2
8915415,57,43,1,1,12,9,0,5,5,6,17,19,451,344,13,11,19,16,2,2,5,4,0,0,6,3,1,2,5,8,7,1,0,1,1,0,6,2,4,2,366,255,27,16,47,45,31,29,6,6,54,46,6,8,38,34,11,7,6,7,11,9,11,7,8,17,5,8,,,,
8915427,37,63,2,7,10,16,6,3,6,1,16,16,325,563,7,17,16,15,7,2,4,8,2,0,5,7,1,1,8,10,2,6,1,2,1,5,2,5,3,1,231,470,18,29,47,84,33,48,2,5,44,56,14,2,32,35,20,30,10,3,4,10,15,8,16,17,7,3,0,1,1,0
8915438,42,58,5,2,18,10,3,5,9,6,9,13,352,489,20,9,13,8,1,2,8,4,0,0,5,4,5,2,10,7,8,3,1,0,4,2,2,2,1,1,277,410,24,27,45,71,19,34,3,6,57,43,1,13,38,24,6,9,5,8,14,5,17,13,13,19,6,7,1,0,,
8915400,38,62,1,1,8,7,2,1,2,1,16,18,325,535,30,15,18,13,1,0,1,3,0,0,5,3,2,1,5,6,3,1,0,1,1,0,5,5,4,1,229,427,31,24,50,70,21,25,1,6,53,47,9,11,53,46,15,15,5,18,18,9,10,11,11,9,5,9,,,,
8915408,56,44,1,1,11,12,5,2,2,4,14,8,539,426,12,16,8,13,3,2,4,7,0,0,7,2,0,3,8,6,3,6,1,0,0,1,2,1,1,3,444,337,20,22,54,59,37,24,7,1,51,49,11,9,36,41,23,15,15,12,7,10,18,21,28,7,6,8,,,,
8915485,41,59,3,1,10,21,4,1,6,8,16,8,382,553,17,19,7,16,1,1,2,5,0,0,6,8,2,8,9,10,1,11,1,0,2,1,0,4,4,3,305,475,10,16,43,76,23,26,7,4,42,58,7,11,31,47,11,12,7,12,9,15,14,10,27,7,12,10,,,,
8915399,47,53,1,3,12,9,3,4,1,2,11,10,491,554,21,13,8,11,2,3,4,5,0,0,5,3,3,1,7,5,5,4,0,2,1,1,3,3,1,1,411,474,18,17,49,58,36,30,2,0,55,45,6,13,41,37,15,8,12,13,12,9,13,10,9,13,8,7,,,,
8915410,24,76,2,0,6,15,5,1,2,5,20,10,207,641,20,15,10,19,5,4,4,6,0,2,1,5,1,4,5,8,1,7,1,0,1,0,1,5,3,1,138,560,15,27,35,78,25,29,1,4,43,57,8,15,36,43,7,13,6,10,12,13,20,7,24,6,6,4,,,,
8915432,67,33,1,2,12,8,1,1,7,4,17,13,522,259,12,9,13,17,2,3,2,3,0,0,7,4,3,1,8,5,4,3,0,2,1,0,4,2,3,1,446,183,24,18,81,41,47,30,6,2,51,49,5,3,36,30,13,18,12,4,6,5,7,9,11,30,5,8,,,,
8915389,63,37,0,2,14,10,3,3,7,3,13,24,429,267,7,12,23,13,3,6,4,6,0,0,7,3,3,1,9,6,5,4,0,2,,,6,2,0,2,335,173,23,12,77,39,25,29,12,3,52,48,4,5,38,32,26,28,8,7,3,4,9,12,12,43,3,12,,,,
8915425,60,40,3,3,19,11,5,7,6,4,12,12,508,350,8,11,11,10,1,4,9,7,3,0,8,0,2,4,12,9,7,2,1,1,2,2,1,2,4,0,435,261,24,16,70,40,17,33,6,0,53,47,6,8,23,30,19,7,4,8,5,5,11,11,10,23,2,12,0,1,0,1
8915441,54,46,1,3,14,11,3,3,5,2,12,16,408,348,8,8,13,10,2,2,5,4,0,1,5,7,4,0,8,7,6,4,1,1,0,2,6,0,2,2,324,272,13,17,52,54,30,38,8,4,51,49,6,2,35,25,8,17,14,10,4,6,13,15,12,9,14,8,1,0,,
8915364,37,63,1,1,13,16,3,3,1,3,10,14,349,583,15,11,12,10,2,1,4,5,0,0,7,8,2,3,10,11,3,5,0,1,1,0,1,6,3,1,259,499,18,29,64,51,35,39,4,7,50,50,10,10,29,24,17,22,2,3,10,6,15,10,16,16,9,8,,,0,1
8915436,68,32,2,1,13,8,2,2,1,5,20,15,637,289,16,16,15,20,1,3,5,2,0,1,5,5,3,1,7,6,6,2,1,0,1,1,3,1,2,0,575,214,16,24,59,57,25,23,2,3,50,50,9,10,41,41,14,15,11,6,9,10,14,11,20,6,8,11,,,0,1
8915483,51,49,0,2,8,13,2,4,2,5,16,21,418,395,13,15,18,16,6,3,4,9,1,0,2,4,2,0,5,8,3,5,0,2,,,4,1,0,2,344,327,15,19,41,35,28,37,1,5,51,49,9,12,36,41,17,10,6,10,9,9,10,5,13,8,5,2,,,,
8915405,52,48,2,2,5,12,3,0,2,5,14,15,355,334,11,9,14,14,4,4,1,4,1,0,4,5,0,3,4,6,1,6,1,1,1,1,3,3,6,3,266,251,20,23,64,60,34,35,4,1,52,48,6,10,31,26,12,13,7,3,6,4,5,7,18,23,9,5,,,,
8915384,35,65,1,0,7,14,3,3,1,6,11,12,265,503,26,13,9,11,1,3,5,5,0,0,1,6,1,3,4,7,3,7,1,0,,,4,1,1,1,190,439,16,22,47,56,25,47,0,5,56,44,10,16,38,32,17,11,4,8,15,6,11,10,17,17,12,7,,,,
8915385,53,47,2,1,11,12,3,2,2,8,12,12,462,391,14,15,12,12,4,2,5,2,1,0,5,6,1,4,6,9,5,3,1,0,1,1,2,1,0,1,382,319,25,21,35,49,33,36,2,6,42,58,11,7,31,37,8,17,6,10,8,10,10,9,20,11,11,5,,,,
8915430,44,56,3,4,9,16,1,2,4,7,14,15,318,383,15,9,14,14,3,2,5,2,0,1,2,14,2,0,7,13,2,3,3,1,0,3,3,3,3,3,225,295,15,16,61,56,42,32,1,14,49,51,1,8,30,33,26,26,4,11,9,6,15,12,17,9,14,9,1,0,0,1
8915437,66,34,,,15,5,1,6,6,8,9,12,607,316,12,15,11,8,2,4,6,1,0,0,7,2,2,2,8,2,7,3,,,,,3,1,4,0,526,232,24,12,81,44,36,20,6,2,57,43,8,8,33,25,27,20,10,3,8,9,9,23,10,36,6,13,,,1,0
8915426,49,51,0,1,12,13,0,2,4,8,12,13,392,405,11,16,13,11,2,3,4,1,0,0,7,8,1,4,6,7,6,6,0,1,,,2,2,3,2,313,300,20,33,54,66,26,33,5,7,45,55,9,10,31,32,17,26,7,5,8,9,19,10,25,21,8,8,,,,
8915369,67,33,1,5,21,17,5,6,6,2,13,10,578,289,14,18,9,9,5,5,7,7,1,0,9,9,5,1,15,10,6,7,1,1,0,4,0,2,1,1,495,194,22,21,71,58,43,25,10,3,58,42,14,9,46,34,22,15,23,7,9,14,14,15,12,19,9,12,,,,
8915409,44,56,1,3,12,14,2,2,5,8,11,15,368,471,12,11,15,10,2,4,3,4,0,0,5,9,4,1,8,10,4,4,0,1,1,2,0,2,0,1,284,386,14,21,43,55,32,26,2,7,46,54,3,5,32,41,21,21,5,20,8,7,7,6,16,22,10,8,,,,
8915414,28,72,0,4,7,14,2,2,3,5,15,8,244,621,21,11,8,15,3,1,2,4,0,0,3,8,2,2,3,10,4,4,0,1,0,3,2,5,2,1,165,560,28,23,45,92,31,19,3,7,51,49,8,13,37,37,13,12,8,11,11,8,16,10,20,8,11,5,,,1,0
8915401,48,52,0,2,10,11,2,2,7,1,14,13,416,461,17,26,13,13,2,1,2,5,0,0,6,3,2,3,4,8,6,3,0,2,,,3,0,1,2,325,385,28,22,54,59,28,31,1,4,42,58,22,12,40,50,7,16,10,11,12,18,13,14,8,19,4,8,0,1,,
8915361,48,52,5,1,15,7,3,7,9,4,15,12,326,359,10,15,10,14,2,1,9,3,0,0,3,2,3,2,14,4,1,3,2,0,3,1,6,1,1,4,224,254,19,29,57,57,25,23,9,1,48,52,11,8,26,34,31,27,7,5,4,10,12,8,21,14,9,8,,,,
8915377,48,52,3,3,9,14,1,1,4,5,14,15,389,420,22,21,14,11,3,1,3,4,0,0,4,6,2,4,7,14,2,0,2,1,1,2,1,2,3,4,302,338,17,19,54,61,29,27,4,9,49,51,12,13,47,38,16,28,11,6,15,11,19,18,18,15,8,2,,,,
8915474,44,56,2,7,9,17,1,0,4,4,15,10,372,458,10,11,8,12,2,2,4,5,0,0,4,8,1,4,6,13,3,4,2,3,0,4,1,2,3,1,295,364,15,24,41,71,49,23,4,7,43,57,6,6,22,33,12,12,5,11,8,7,17,14,17,12,15,7,1,0,,
8915397,62,38,1,2,16,8,3,7,7,8,13,19,540,335,9,11,19,13,2,6,7,4,0,0,6,2,3,2,9,5,7,3,0,1,1,1,4,0,1,1,463,264,31,13,78,46,38,31,6,3,56,44,4,5,34,27,11,8,7,3,7,7,7,17,16,31,6,8,,,,
8915359,51,49,3,0,14,7,2,5,4,2,15,14,457,427,11,19,11,13,1,1,6,2,0,0,4,1,4,4,9,4,5,3,1,0,2,0,0,1,2,1,373,353,26,33,71,67,24,44,4,4,43,57,13,6,27,37,11,13,5,5,7,13,5,17,26,12,3,7,,,,
8915354,53,47,6,1,22,7,2,5,6,2,18,11,390,353,12,6,10,17,5,2,8,3,0,0,9,3,5,1,13,5,9,2,3,0,3,1,4,4,1,1,296,274,27,24,50,46,28,26,8,5,37,63,3,3,29,40,9,26,7,20,9,1,13,12,13,24,10,11,,,0,1
8915366,60,40,1,1,12,7,4,4,5,5,10,15,637,416,20,32,14,10,1,3,4,4,2,0,5,2,3,1,9,4,3,3,1,0,0,1,1,0,3,0,554,334,15,20,78,44,37,22,2,1,51,49,25,14,43,51,22,12,9,9,9,12,18,13,20,18,3,7,,,,
8915355,39,61,4,1,11,10,2,2,3,2,17,12,300,469,9,10,11,16,1,3,5,3,0,0,5,5,1,2,7,4,4,6,2,0,2,1,4,3,0,5,216,381,15,19,45,64,25,28,2,2,45,55,5,6,31,37,14,18,11,12,4,7,11,14,22,9,7,6,,,0,1
8915383,41,59,5,0,17,9,2,4,2,4,15,11,343,490,13,11,8,15,2,0,10,3,0,0,5,4,2,2,6,8,11,1,4,0,1,0,1,4,2,0,252,371,20,31,67,53,16,30,1,8,47,53,10,7,31,33,16,19,10,7,8,6,9,18,23,10,7,5,,,,
8915378,30,70,3,4,13,17,7,3,2,9,20,13,241,569,17,6,13,18,4,4,5,8,1,0,4,6,4,3,10,8,3,9,1,1,2,3,3,4,6,1,175,491,23,22,39,55,16,23,1,4,52,48,3,9,40,38,21,18,10,14,12,3,15,9,18,12,4,7,1,0,,
8915481,53,47,3,0,21,10,1,5,8,7,10,10,376,351,14,12,10,10,5,3,7,2,2,0,9,7,5,1,13,6,8,4,1,0,2,0,2,4,6,0,305,284,18,27,52,63,31,33,10,3,52,48,6,7,31,29,19,18,7,7,11,7,9,12,11,14,9,8,,,0,1
8915479,64,36,3,1,7,7,1,1,8,5,16,15,529,302,8,14,14,16,3,1,2,2,0,0,2,4,3,1,5,4,2,3,0,1,3,0,3,1,1,0,458,233,23,16,78,37,26,20,3,1,45,55,11,2,36,39,9,15,15,9,5,8,4,13,5,21,10,7,,,,
8915328,47,53,2,1,8,12,3,4,2,5,18,12,421,465,20,18,12,18,1,4,4,3,0,1,2,7,2,2,6,7,2,5,,,2,1,2,3,0,1,317,363,24,31,63,75,26,21,4,6,43,57,9,12,42,47,17,32,11,13,14,10,25,12,15,13,11,3,,,,
8915373,58,42,4,0,16,5,2,3,5,4,8,18,531,379,21,13,18,6,0,3,9,2,0,0,3,3,4,0,11,3,5,2,3,0,1,0,3,1,2,4,473,325,24,15,45,41,29,25,6,0,67,33,8,5,54,28,10,4,16,9,15,10,7,17,18,15,6,6,0,1,,
8915431,47,53,1,1,9,8,1,2,4,5,10,10,359,406,16,19,10,9,3,2,4,2,0,0,5,3,0,3,6,5,3,3,1,0,0,1,0,2,1,1,234,276,31,32,62,90,36,31,4,5,53,47,11,9,35,33,23,18,9,5,7,9,8,13,25,22,8,10,,,,
8915338,50,50,2,1,13,12,1,2,5,3,16,12,425,430,15,16,10,14,2,3,3,3,0,0,4,6,6,3,4,4,9,8,0,1,2,0,3,5,2,0,343,333,18,27,62,51,36,26,1,5,50,50,3,8,32,36,19,15,7,6,11,7,18,19,13,13,10,6,1,0,,
8915406,59,41,5,0,21,11,4,6,11,5,20,24,428,315,13,14,21,19,2,5,7,5,0,0,9,3,5,3,15,5,6,6,1,0,4,0,8,5,1,3,347,235,16,14,69,43,38,28,11,3,53,47,5,7,42,43,17,10,8,10,5,6,13,10,13,42,3,15,,,,
8915376,34,66,2,3,9,18,5,1,2,9,17,12,272,523,25,15,10,14,4,1,3,7,0,0,4,6,2,5,6,11,3,7,1,1,1,2,4,2,2,2,174,422,26,19,47,65,22,28,2,6,47,53,6,16,40,35,12,24,5,7,14,8,14,17,24,16,7,9,,,,
8915477,47,53,0,2,13,11,5,2,6,5,10,12,334,384,10,21,12,9,1,1,2,8,1,0,8,3,3,0,6,9,7,2,0,2,,,3,2,0,2,250,289,32,28,53,56,25,21,6,3,49,51,12,6,30,39,19,11,9,9,5,14,19,15,22,14,7,13,,,,
8915363,76,24,2,1,28,6,0,8,8,1,16,9,657,215,20,2,9,13,1,1,8,2,0,1,14,3,6,1,13,1,15,5,1,1,1,0,1,2,0,1,590,130,15,15,87,49,19,21,9,0,60,40,1,11,38,26,24,15,9,11,11,1,11,14,7,32,4,18,0,1,0,1
8915475,64,36,3,4,17,14,4,2,8,3,21,8,523,316,10,7,7,19,5,3,3,7,0,0,6,5,8,2,9,8,8,6,1,3,2,1,2,2,1,1,442,241,23,18,68,42,43,22,11,1,46,54,4,4,26,32,11,12,9,6,3,2,15,15,10,29,8,8,,,,
8915456,63,37,1,2,21,6,2,8,7,5,8,8,482,288,21,13,7,8,2,1,10,5,2,0,7,1,4,0,8,3,13,3,0,2,1,0,2,4,1,2,387,199,32,28,72,39,35,21,7,3,56,44,11,14,33,29,25,17,5,8,12,10,11,10,14,32,2,13,0,1,,
8915349,51,49,0,1,10,8,0,3,3,3,15,15,407,391,11,23,12,12,2,2,4,1,0,1,4,5,2,2,6,6,4,2,0,1,,,5,0,1,1,269,232,28,24,74,78,32,35,7,4,54,46,16,5,37,40,24,11,15,5,6,21,12,14,17,22,6,11,,,,
8915345,54,46,1,1,13,10,3,5,5,2,9,11,468,392,14,14,10,9,1,2,6,4,0,1,4,4,3,2,8,8,5,2,1,1,,,3,1,0,4,372,300,20,24,69,57,29,32,4,4,48,52,6,9,29,30,18,21,6,7,10,10,9,12,14,20,8,6,0,1,,
8915342,25,75,0,2,6,18,3,1,2,6,11,2,250,709,20,13,2,10,5,1,2,4,0,0,2,7,2,7,2,9,4,9,0,1,0,1,0,3,1,2,158,641,18,20,41,107,14,24,1,13,47,53,11,7,31,36,13,13,9,13,11,6,12,8,31,0,15,5,,,1,0
8915476,53,47,1,1,12,12,4,2,6,2,19,8,418,377,9,11,7,16,2,3,2,5,0,1,7,3,3,4,5,8,7,4,0,1,1,0,2,5,3,2,338,305,22,15,56,53,30,37,3,7,40,60,3,4,27,33,7,17,11,8,8,7,16,11,9,23,6,11,,,0,1
8915382,56,44,4,1,19,7,2,4,4,4,13,14,454,357,4,14,14,11,0,2,9,3,0,0,6,3,4,1,9,5,10,2,3,1,1,0,1,2,1,1,359,254,29,19,59,60,36,24,2,7,55,45,6,1,35,33,20,12,18,8,4,7,7,8,12,17,11,7,,,,
8915335,59,41,2,1,14,9,1,1,10,7,12,16,489,328,19,16,16,11,2,2,3,2,0,0,8,4,3,3,10,6,4,3,1,0,1,1,2,2,3,0,412,256,21,24,67,51,15,32,6,5,56,44,10,12,47,37,16,13,11,10,11,9,12,14,23,32,6,9,,,0,1
8915343,58,42,4,0,17,13,2,4,4,4,22,18,528,376,13,25,17,22,2,1,8,3,0,1,4,5,5,5,12,5,5,8,2,0,2,0,1,4,1,1,430,282,24,21,53,40,32,24,5,3,50,50,17,10,45,58,21,9,15,11,8,14,14,16,23,9,5,6,,,,
8915348,55,45,3,3,12,13,4,3,3,2,18,21,443,346,11,14,17,15,5,4,4,6,1,0,5,4,3,3,8,11,4,2,1,2,2,1,4,4,0,4,339,263,26,20,77,43,36,31,3,9,46,54,7,7,32,38,19,22,4,9,6,9,8,13,20,21,5,7,,,1,0
8915515,57,43,7,0,12,5,2,2,2,1,9,10,578,446,20,11,9,9,1,2,6,2,0,0,6,3,0,0,11,3,1,2,3,0,4,0,2,0,0,3,500,366,18,18,50,48,42,20,5,1,58,42,6,13,38,28,13,9,9,8,12,8,7,11,4,16,6,11,1,0,,
8915551,31,69,4,1,14,18,1,4,4,4,12,8,287,628,10,10,7,8,1,0,6,1,0,0,7,14,1,3,7,8,7,10,2,0,2,1,1,2,2,1,188,546,11,19,50,60,30,18,1,5,46,54,3,5,24,27,14,18,8,9,9,7,15,14,26,8,18,8,,,,
8915532,58,42,2,1,10,13,2,2,0,6,17,11,593,412,26,13,10,16,3,5,5,3,0,0,2,6,3,4,7,6,3,7,2,0,0,1,1,1,0,1,492,305,20,18,40,45,27,26,0,4,52,48,11,22,52,39,14,22,16,11,13,10,14,12,22,4,7,5,,,,
8915517,55,45,2,2,13,14,2,4,2,4,15,11,386,324,21,11,9,13,4,3,5,5,2,0,6,5,2,4,6,10,7,4,1,1,1,1,2,3,5,0,300,229,17,20,58,81,32,35,7,8,56,44,5,11,36,30,24,17,6,7,10,7,12,10,23,22,6,5,,,,
8915514,41,59,3,0,9,10,0,3,2,3,10,11,321,462,25,10,8,10,1,2,6,0,0,0,2,5,1,5,6,5,3,5,2,0,1,0,3,3,3,2,223,371,15,22,50,77,23,34,1,5,61,39,6,19,46,27,14,11,13,8,14,8,24,7,32,15,7,5,,,,
8915523,53,47,6,3,14,14,5,5,8,11,9,15,472,418,20,14,14,9,1,1,10,6,0,0,3,5,1,3,9,9,5,5,2,1,4,2,2,3,3,1,389,340,14,20,44,42,26,29,3,6,61,39,9,11,45,30,11,6,11,7,9,7,19,17,17,11,6,4,3,2,,
8915537,35,65,1,0,3,6,1,1,1,9,16,11,309,582,17,12,11,15,4,2,2,2,0,0,1,3,0,1,1,2,2,4,1,0,,,3,2,0,2,232,494,17,26,47,75,26,32,0,4,48,52,4,10,37,38,9,12,9,11,11,9,14,7,24,9,7,5,,,0,1
8915528,28,72,1,5,10,19,3,2,4,7,8,13,275,717,13,14,12,8,2,0,3,7,0,1,5,8,2,4,4,12,6,7,1,3,0,2,2,0,1,1,207,645,18,28,36,72,23,23,2,5,44,56,8,8,28,35,8,11,4,13,8,8,17,3,22,14,12,6,0,1,,
8915536,44,56,,,15,11,4,5,0,7,13,20,362,443,13,15,18,12,5,5,5,4,0,1,7,5,3,2,10,4,5,7,,,,,3,1,1,0,252,342,26,23,66,71,26,28,3,6,55,45,7,5,52,33,10,18,21,6,4,5,13,16,32,20,6,8,,,,
8915529,45,55,2,2,11,8,3,3,7,3,15,11,398,500,17,15,10,14,2,1,4,4,1,0,3,2,4,2,5,6,6,2,0,1,2,1,1,2,2,2,301,415,30,26,47,54,27,17,4,3,44,56,7,15,37,41,12,22,11,12,11,11,12,12,14,23,6,6,,,,
8915521,36,64,1,3,13,14,6,1,5,5,10,13,321,600,20,20,11,8,2,2,2,8,0,0,7,4,4,2,5,10,8,4,1,2,0,1,6,3,6,0,233,507,18,14,48,82,36,26,3,5,48,52,17,13,36,41,17,16,6,13,11,12,13,19,20,18,8,6,,,,
8915546,75,25,0,1,17,4,0,2,9,1,12,10,606,213,5,12,10,11,2,2,4,1,0,0,6,3,7,0,7,3,10,1,0,1,,,3,2,,,512,106,17,11,84,53,28,20,5,2,51,49,5,2,28,27,18,18,13,4,4,9,3,8,6,46,4,16,,,,
8915519,52,48,1,1,8,6,3,0,6,2,8,12,543,517,7,16,12,7,1,1,0,3,1,0,4,2,4,1,4,2,4,4,,,1,1,3,0,0,4,484,451,21,15,73,36,48,20,5,3,47,53,6,4,27,30,7,9,8,8,4,13,7,8,6,22,4,14,,,,
8915506,60,40,2,1,17,11,1,4,4,1,17,12,479,337,14,14,12,16,3,3,5,3,0,0,8,7,4,1,10,7,7,4,1,1,1,0,5,1,0,1,378,227,26,23,80,50,35,22,6,4,51,49,14,7,34,37,25,19,10,7,11,8,11,15,8,30,8,12,1,0,,
8915538,34,66,0,1,5,10,3,3,3,6,13,13,268,521,15,13,12,13,3,2,3,4,0,0,2,4,0,2,2,3,3,7,,,0,1,2,1,1,2,187,441,36,17,50,76,23,27,4,5,55,45,6,10,33,26,21,18,7,2,9,8,16,15,33,15,6,6,,,,
8915545,70,30,2,0,10,6,2,3,1,2,15,17,655,269,14,23,17,15,2,3,5,3,0,0,4,1,1,2,6,4,4,2,1,0,1,0,3,2,5,2,581,183,26,20,84,43,20,17,6,2,51,49,6,6,41,46,22,15,10,9,9,15,16,17,14,19,1,8,1,1,,
8915526,39,61,1,1,7,11,2,1,2,5,18,10,293,446,19,12,9,18,3,2,2,2,0,1,3,8,2,1,4,5,3,6,1,0,0,1,1,3,1,3,201,358,20,31,49,73,30,33,4,6,42,58,6,9,32,42,14,21,4,12,10,6,15,5,23,9,16,4,,,,
8915513,39,61,2,0,11,7,3,1,4,10,17,16,314,475,10,16,15,16,2,2,3,3,0,0,4,1,4,3,5,4,6,3,,,2,0,3,4,,,231,405,21,14,45,57,14,24,2,2,46,54,12,7,27,39,15,10,5,8,8,11,11,8,36,13,6,3,,,,
8915535,64,36,1,4,24,10,3,4,13,4,12,17,453,260,7,25,16,10,1,3,6,6,1,0,7,3,11,1,19,9,5,1,1,2,0,2,3,3,0,1,367,160,23,15,68,40,32,20,11,4,51,49,15,5,46,37,8,14,25,2,2,15,9,11,14,23,4,10,,,,
8915511,69,31,4,0,21,6,1,8,6,5,12,9,708,319,22,16,8,11,2,1,11,1,0,0,8,3,2,2,13,3,8,3,3,0,1,0,1,0,0,2,628,225,18,18,76,43,24,13,2,2,56,44,7,12,41,33,13,10,11,7,14,7,6,16,12,17,6,15,3,0,,
8915509,36,64,0,2,5,16,7,1,7,7,13,10,239,436,10,15,9,10,3,1,1,7,0,0,3,5,1,4,3,9,2,7,,,0,2,1,1,1,3,139,338,20,21,61,70,26,22,3,2,48,52,14,5,29,31,15,17,11,6,7,12,12,15,25,10,13,3,,,1,0
8915507,47,53,1,2,14,6,4,4,8,4,15,9,386,460,13,12,8,15,1,2,6,6,1,0,5,0,3,0,10,5,4,1,1,2,,,2,3,3,7,317,383,15,21,62,50,37,20,5,0,42,58,5,8,27,36,8,13,6,10,4,8,9,8,13,13,2,8,0,1,,
8915522,57,43,1,2,15,15,4,4,3,5,17,14,492,369,9,19,14,17,2,0,4,5,1,0,3,5,8,5,9,9,6,6,0,1,1,1,1,1,0,3,387,267,30,29,74,62,27,21,3,4,45,55,13,7,33,46,13,11,11,10,6,13,15,9,12,19,7,5,1,0,,
8915504,47,53,0,3,9,12,3,1,1,5,16,15,399,437,17,18,15,16,2,1,4,4,0,0,4,6,1,2,5,8,4,4,0,1,0,2,2,6,2,3,300,347,20,23,51,71,27,33,1,7,52,48,10,7,50,44,13,15,18,10,9,10,12,16,20,10,12,6,,,,
8915518,56,44,1,5,18,16,5,0,4,4,9,9,404,319,9,15,8,9,3,1,0,10,0,0,11,3,7,3,10,9,8,7,0,4,1,1,5,5,1,1,335,258,19,18,49,39,17,23,9,2,50,50,8,4,21,30,15,6,4,6,5,7,4,8,14,13,3,10,1,0,,
8915508,63,37,1,2,15,6,1,4,7,2,16,16,518,301,16,12,15,16,1,5,4,1,1,0,5,3,6,2,5,5,10,1,,,1,2,5,0,1,1,442,208,26,20,68,44,30,28,3,4,51,49,7,14,45,31,15,26,14,4,10,6,12,13,11,23,5,7,1,0,0,1
8915510,43,57,2,1,11,7,2,4,3,4,26,17,261,345,17,23,16,24,7,6,5,2,0,0,4,3,2,2,7,4,4,3,1,0,1,1,6,8,4,0,192,256,32,19,53,53,23,23,7,2,46,54,17,10,42,55,16,12,9,9,8,16,13,7,31,9,6,7,1,0,1,2
8915544,35,65,3,1,9,4,1,2,2,5,18,13,281,516,18,19,11,18,2,1,4,2,0,0,4,1,1,1,4,3,5,1,2,1,1,0,,,1,3,177,407,25,27,70,52,35,33,3,3,50,50,5,11,35,42,22,15,6,5,13,14,12,12,22,3,10,5,1,0,,
8915524,50,50,1,1,7,10,2,2,3,4,15,14,505,512,8,19,13,13,2,1,2,3,0,0,3,4,2,3,4,4,3,6,0,1,1,0,2,1,3,0,424,433,22,13,67,36,22,32,5,4,42,58,12,5,24,39,12,10,4,7,5,15,16,13,8,10,6,8,,,,
8915530,64,36,6,1,22,16,4,7,7,5,12,8,590,334,8,19,6,10,2,3,8,5,0,0,5,6,9,5,14,9,8,7,1,0,5,1,1,1,1,0,518,258,13,17,58,51,20,15,9,2,47,53,12,7,31,38,17,17,17,11,4,11,8,12,16,21,11,6,0,1,1,0
8915490,64,36,4,3,19,10,5,5,7,4,17,16,494,283,17,22,15,16,4,2,7,6,1,0,5,3,7,1,14,4,5,6,0,1,4,2,2,1,2,1,404,196,21,18,52,39,18,18,10,7,49,51,10,10,45,46,13,15,13,10,8,10,9,16,8,21,8,8,1,0,,
8915512,55,45,2,2,11,10,3,2,6,5,6,10,485,399,19,13,7,5,1,2,5,3,0,0,4,3,2,4,9,7,2,3,2,0,0,2,2,1,3,1,415,333,14,16,42,51,26,22,6,4,65,35,2,12,39,20,17,10,14,3,9,4,13,6,11,14,9,10,,,,
8915533,57,43,2,3,16,13,4,3,1,4,8,16,549,414,20,16,14,8,2,2,4,5,0,1,7,8,5,0,7,8,9,5,0,1,2,2,5,0,1,1,459,313,20,25,74,62,41,23,3,5,51,49,6,12,43,39,14,15,10,15,13,8,18,8,17,17,4,10,,,,
8915531,55,45,2,1,8,9,3,3,4,5,19,19,373,305,14,16,17,19,1,1,3,3,1,1,4,5,1,1,5,8,3,1,,,2,1,4,6,2,2,282,229,29,20,67,58,20,18,5,9,43,57,8,8,34,42,12,19,3,7,8,13,10,21,11,20,9,8,,,,
8915534,44,56,4,1,14,12,6,3,6,7,13,13,376,476,14,10,13,11,2,2,5,6,0,0,6,4,3,2,11,5,3,7,1,0,3,1,0,4,1,3,291,385,19,30,57,60,19,39,6,5,53,47,8,7,31,27,16,15,4,6,11,6,10,9,15,8,13,6,0,1,,
8915492,35,65,0,3,8,12,3,3,2,1,12,11,342,643,18,14,11,12,6,1,4,4,0,0,3,7,1,1,6,7,2,5,,,0,3,2,1,1,1,257,564,25,20,54,84,26,31,5,4,50,50,8,12,34,33,21,21,6,7,11,11,10,3,18,14,13,8,0,1,1,0
8915543,32,68,1,3,2,17,7,0,3,7,9,10,310,641,25,17,10,9,4,1,1,8,0,1,0,7,1,2,2,9,0,8,1,1,0,2,0,5,2,2,210,557,13,26,37,81,21,13,1,8,39,61,8,13,40,56,12,27,5,30,11,10,17,16,24,6,11,1,0,1,1,0
8915491,68,32,2,1,19,7,2,6,7,2,10,15,626,294,11,10,14,7,2,3,5,2,0,0,11,4,3,1,12,2,7,5,,,2,1,3,0,,,530,190,29,22,80,57,37,21,8,2,60,40,7,5,33,26,26,14,9,10,7,5,10,11,7,15,6,13,0,1,,
8915489,66,34,5,1,25,10,3,5,10,2,18,14,511,271,12,10,13,17,0,1,7,5,0,1,10,3,8,2,14,6,11,4,2,1,3,0,5,0,2,2,439,186,30,17,58,41,27,22,9,4,44,56,8,2,30,31,15,26,5,5,9,6,14,11,4,28,2,12,1,0,,
8915494,62,38,2,0,25,4,3,4,5,5,6,18,575,361,22,22,18,6,0,3,5,3,1,0,11,1,9,0,16,2,9,2,,,2,0,1,0,,,495,275,24,18,61,39,35,18,10,2,63,37,12,11,65,39,21,11,26,11,16,13,20,15,12,22,2,12,,,,
8915500,50,50,1,4,15,16,4,5,9,3,15,12,350,372,13,22,11,13,1,0,6,8,0,0,7,5,2,3,6,8,9,8,0,2,1,2,2,2,1,2,271,290,29,15,46,59,29,30,7,4,44,56,15,8,30,43,19,19,6,10,8,16,15,26,23,28,9,9,,,,
8915493,68,32,6,2,33,8,2,8,13,4,10,10,549,263,7,11,9,9,2,6,10,3,0,0,12,4,11,1,22,7,11,1,2,0,4,2,3,1,0,1,482,186,29,18,81,30,49,20,13,5,46,54,4,3,20,25,19,21,4,5,5,6,6,21,14,41,5,16,1,1,,
8915499,52,48,3,3,16,13,4,7,5,3,12,11,503,477,11,13,11,11,1,1,7,5,1,0,5,4,4,4,9,9,7,4,0,1,3,2,1,3,2,2,430,386,21,18,52,61,21,32,5,3,46,54,8,9,33,31,10,19,11,7,6,12,13,16,17,20,8,7,,,,
8915498,50,50,3,1,12,9,1,5,8,6,16,25,381,394,11,15,25,14,2,2,5,2,0,0,4,5,3,2,8,4,4,5,,,3,1,6,4,2,0,306,308,19,15,58,46,18,26,4,5,47,53,11,6,48,42,15,29,14,15,8,9,11,11,23,23,5,10,,,,
8915495,40,60,1,1,7,8,4,1,1,5,12,13,321,483,11,19,11,11,3,1,2,5,0,1,4,3,1,0,3,3,4,5,1,1,,,3,2,0,1,234,395,31,26,60,74,28,24,2,5,57,43,10,6,34,31,27,15,12,1,4,9,4,15,17,11,7,9,,,1,0
8915505,39,61,1,2,9,13,1,2,2,3,20,9,386,607,10,13,9,17,2,2,3,2,0,0,6,6,0,5,6,4,3,9,1,1,0,1,0,4,1,3,323,531,9,26,53,62,26,40,1,4,38,62,9,6,24,42,7,8,5,12,8,7,23,7,14,8,12,14,,,,
8915503,62,38,2,3,14,12,3,6,3,2,17,10,525,310,13,25,10,17,6,1,6,7,0,0,6,3,2,2,9,7,5,5,0,3,2,0,3,5,,,437,224,24,19,70,54,31,31,3,4,43,57,15,5,29,52,16,8,6,10,10,20,19,9,15,10,6,9,0,1,,
8915496,58,42,3,0,12,3,0,2,5,3,12,12,577,409,12,24,12,11,4,3,3,0,1,0,7,2,2,1,6,2,6,1,1,0,2,0,4,1,1,3,490,314,23,27,80,52,28,15,8,4,47,53,10,6,30,43,17,11,6,8,8,10,16,16,15,22,5,12,,,1,0
8915497,38,62,2,1,8,6,4,0,2,2,15,14,309,518,16,11,13,15,1,0,2,4,1,0,3,2,3,0,5,3,3,3,1,0,1,1,4,4,2,5,232,444,14,28,48,50,29,31,4,1,50,50,6,9,38,39,13,11,9,13,12,8,13,11,15,14,4,5,1,0,,
8915501,56,44,1,0,11,10,0,1,11,4,9,17,397,334,16,18,16,7,1,2,1,2,0,0,6,4,4,4,8,9,3,1,,,1,0,1,1,1,2,319,253,12,29,65,45,41,22,9,3,55,45,10,9,42,33,21,19,10,8,9,7,13,10,17,31,6,9,,,,
8915502,61,39,0,3,10,17,6,4,3,1,16,15,528,343,16,22,15,15,4,3,4,8,0,0,3,5,3,4,4,5,6,12,0,1,0,2,5,5,2,0,421,245,31,25,70,57,29,17,3,0,45,55,12,7,39,53,17,15,10,16,8,15,8,18,13,23,8,7,,,1,0
8915599,63,37,2,0,23,4,0,7,12,4,16,7,471,289,18,14,6,14,1,2,7,0,0,0,9,3,7,1,16,3,7,1,,,2,0,1,1,0,1,387,192,19,24,80,41,36,24,13,0,52,48,5,6,37,33,21,20,13,5,15,8,12,13,17,35,9,14,,,0,1
8915605,54,46,1,0,9,10,2,3,2,4,10,16,506,422,15,25,14,9,3,4,4,2,0,0,2,4,3,4,7,5,2,5,1,0,,,2,0,5,4,426,336,20,28,62,47,31,42,2,2,52,48,14,6,42,41,18,14,15,8,10,17,18,8,18,10,3,5,,,1,0
8915588,53,47,2,3,12,7,1,3,8,4,12,16,550,500,18,17,14,12,2,1,3,3,0,0,6,2,3,2,7,5,5,2,0,2,2,1,3,2,3,0,465,416,21,19,67,67,23,23,5,1,53,47,13,10,36,36,13,7,4,7,10,10,15,15,10,17,6,6,0,1,,
8915603,51,49,2,1,11,8,3,2,3,4,9,15,410,378,19,15,15,9,3,2,4,3,0,0,5,5,2,0,7,5,4,3,2,0,0,1,3,1,5,0,320,270,26,35,45,51,35,21,4,3,50,50,10,13,41,36,17,21,7,12,11,8,17,13,21,13,11,8,1,1,,
8915594,51,49,3,1,15,8,1,8,8,2,13,22,375,357,11,21,21,13,0,4,10,2,0,0,3,3,2,3,6,3,9,5,2,1,1,0,5,0,0,2,228,205,28,33,72,81,33,25,2,2,54,46,8,8,50,40,18,17,18,6,8,12,12,14,22,23,11,5,,,,
8915600,42,58,3,1,13,13,3,4,3,5,12,16,356,511,14,11,14,11,1,2,6,4,1,0,5,6,2,3,9,12,4,1,1,0,2,1,4,1,2,0,276,422,22,24,49,63,28,24,7,8,55,45,6,7,35,32,22,15,7,10,5,4,13,11,22,18,9,7,,,,
8915593,35,65,,,7,13,7,1,3,7,13,18,275,529,21,18,15,13,2,3,1,7,0,1,5,4,1,2,4,7,3,6,,,,,2,1,2,2,206,467,23,15,42,67,24,32,2,6,53,47,3,5,38,36,18,13,4,5,11,9,8,11,29,16,3,8,,,1,0
8915589,43,57,1,6,5,20,6,1,2,9,15,7,400,536,20,29,7,13,3,2,1,9,0,0,0,8,4,3,1,12,4,8,0,1,1,5,1,3,2,1,284,427,37,18,55,70,29,28,2,5,43,57,14,11,36,52,9,7,10,10,12,15,20,22,18,14,13,3,0,1,,
8915585,54,46,1,0,11,4,1,3,1,3,9,14,583,480,18,7,13,9,0,3,4,1,0,0,5,1,2,2,6,2,5,2,,,1,0,3,2,3,2,517,422,15,14,48,38,29,28,3,3,59,41,6,9,42,23,5,9,11,7,13,4,5,20,14,4,7,8,,,,
8915597,47,53,,,7,10,1,1,3,3,11,9,476,559,22,22,8,10,3,2,1,3,0,0,3,2,3,5,4,6,3,4,,,,,1,3,3,1,379,458,28,20,52,45,29,34,6,2,44,56,9,13,39,51,20,24,9,19,13,17,10,9,10,19,4,7,,,1,0
8915608,46,54,2,2,13,8,1,3,13,3,11,10,403,491,18,24,10,10,1,2,6,3,0,0,5,3,2,2,9,6,4,2,2,2,,,2,2,2,2,326,397,12,14,54,59,29,30,9,4,49,51,12,8,37,44,17,12,10,10,10,14,15,19,14,9,6,8,1,0,,
8915576,45,55,2,1,10,12,1,3,5,4,17,15,370,433,25,17,13,16,2,1,4,1,1,0,2,10,4,1,6,6,4,6,,,2,1,2,5,3,4,256,310,20,28,59,59,20,34,2,5,51,49,12,13,42,40,21,20,5,8,17,10,19,12,25,8,14,5,,,,
8915568,32,68,2,1,8,11,1,0,3,8,10,17,263,560,14,8,16,9,2,3,2,4,0,0,4,6,2,1,6,6,2,5,2,1,,,4,1,0,2,158,458,17,27,48,70,28,33,5,6,51,49,5,8,43,25,20,35,13,11,12,5,21,9,20,22,12,3,,,,
8915604,72,28,2,4,23,8,0,6,12,1,17,18,636,252,19,22,15,16,3,0,6,1,1,1,12,3,5,4,14,6,9,2,0,1,2,3,6,1,2,1,568,185,22,11,73,31,31,23,12,4,50,50,10,13,45,46,16,15,12,9,10,14,10,8,8,30,3,13,,,,
8915591,46,54,3,5,15,10,4,4,3,7,15,16,339,415,13,14,13,13,3,2,5,7,0,0,2,3,8,0,9,9,6,1,1,2,2,3,5,2,1,1,289,348,17,21,51,40,20,23,5,2,48,52,6,4,35,40,7,5,9,13,9,11,15,8,15,19,6,5,0,1,1,0
8915595,54,46,3,2,9,13,2,1,7,4,12,10,520,447,8,19,9,11,2,1,2,2,0,0,4,7,3,4,6,8,3,5,,,3,2,2,1,3,5,448,373,14,20,66,46,23,24,3,1,45,55,15,4,26,37,13,10,9,8,6,11,9,7,20,16,10,11,1,1,,
8915592,48,52,3,1,21,6,0,5,6,5,15,17,384,419,11,12,16,10,3,5,7,0,0,0,9,4,5,2,15,3,6,3,2,0,1,1,3,2,1,2,261,285,19,30,47,72,32,27,10,7,55,45,7,8,34,29,27,21,7,7,8,4,11,8,26,9,8,9,,,,
8915596,68,32,0,2,22,6,1,5,13,1,17,18,546,268,8,21,17,17,1,2,5,2,0,0,9,3,8,1,9,4,13,2,0,1,0,1,7,2,2,0,448,166,34,19,96,40,30,17,7,0,45,55,15,3,30,46,22,18,7,9,4,13,8,10,6,35,3,8,0,2,,
8915571,54,46,1,1,14,7,2,6,5,1,13,12,518,434,11,19,12,12,2,1,7,3,0,0,4,2,3,2,7,1,7,6,0,1,1,0,4,3,3,1,423,337,34,10,60,36,29,27,6,1,44,56,8,8,33,34,8,18,10,3,8,11,8,11,19,18,3,9,,,,
8915581,69,31,1,2,13,12,1,3,13,4,14,10,505,232,15,9,10,14,3,0,3,2,3,0,8,9,2,1,3,8,10,4,0,1,1,1,3,1,3,1,417,146,29,17,68,47,30,27,6,3,46,54,5,11,28,28,14,21,3,5,9,5,3,16,15,28,14,9,,,1,1
8915583,60,40,0,1,10,13,2,2,6,7,9,17,473,295,19,10,15,9,2,2,2,2,0,1,3,5,5,6,6,9,4,4,,,0,1,0,3,7,4,367,209,25,24,70,60,22,40,4,5,55,45,6,14,39,27,20,22,5,8,13,3,12,14,21,18,9,7,,,,
8915578,61,39,4,0,14,6,2,4,9,6,7,9,592,373,20,15,8,5,0,1,7,2,0,1,7,3,0,1,7,4,7,2,2,0,2,0,1,2,3,1,507,268,19,21,67,35,36,22,4,3,58,42,10,13,37,29,11,6,9,10,14,11,11,9,16,15,5,9,,,,
8915574,36,64,2,0,10,8,1,0,4,7,12,15,318,563,15,16,15,11,2,3,2,1,3,0,6,4,2,3,7,4,3,4,,,2,0,3,1,3,1,227,484,26,12,48,58,20,35,3,4,52,48,9,7,38,33,16,16,9,6,8,9,11,14,17,14,7,7,,,,
8915582,62,38,6,2,19,6,1,2,14,4,16,20,407,258,6,18,19,15,1,3,7,2,0,1,9,4,3,0,16,5,3,1,2,1,4,1,6,3,2,1,338,180,13,17,50,42,26,24,11,6,53,47,6,3,42,39,16,12,17,6,4,8,7,11,12,34,4,14,1,1,0,1
8915575,38,62,,,1,2,,,2,2,13,8,422,685,10,10,8,12,1,0,0,0,0,0,0,2,1,0,0,0,1,2,,,,,0,1,0,5,338,604,23,20,42,67,32,27,0,0,46,54,3,6,23,29,10,9,5,7,4,7,12,12,13,9,7,5,,,,
8915579,66,34,2,2,11,7,1,3,3,4,15,14,601,315,12,12,13,14,3,2,3,1,1,1,6,3,2,3,6,6,5,1,,,2,2,6,5,4,0,521,240,24,13,70,43,26,26,9,1,48,52,8,8,30,30,14,17,6,4,9,9,5,12,11,37,4,5,,,0,1
8915577,66,34,4,0,11,8,3,2,5,3,11,14,558,279,23,15,13,10,3,3,4,3,1,0,4,4,3,1,8,5,3,3,2,0,2,0,4,2,2,3,486,210,27,17,70,36,38,26,4,4,58,42,12,16,47,31,13,12,12,6,9,6,16,15,7,17,10,12,2,0,,
8915580,52,48,1,0,5,6,3,0,3,4,15,7,547,500,18,9,7,12,3,2,1,3,0,1,3,2,1,1,4,3,1,3,1,0,,,1,1,4,0,462,396,21,25,43,53,25,24,2,1,49,51,3,15,34,25,9,20,9,4,13,6,19,8,20,10,9,6,,,1,1
8915586,49,51,0,2,16,12,7,1,5,7,13,15,413,439,20,17,15,11,1,2,1,8,1,0,8,3,7,1,9,9,7,3,,,0,2,3,2,0,2,336,364,29,22,50,42,30,24,5,6,52,48,7,9,43,38,17,18,9,10,14,6,9,9,15,26,5,8,,,,
8915541,60,40,5,4,15,14,4,5,7,3,11,17,428,295,4,18,16,11,0,2,7,5,0,0,5,7,3,2,9,9,6,5,2,1,3,3,4,0,0,3,321,191,23,21,66,53,23,14,10,2,47,53,10,3,29,32,18,22,9,3,2,10,11,9,12,30,12,10,,,1,0
8915558,36,64,0,1,9,13,2,4,4,10,17,14,266,487,21,11,14,15,2,0,4,3,0,0,4,6,1,4,6,10,3,3,0,1,,,4,2,1,2,187,404,28,23,48,52,23,14,4,6,51,49,8,16,43,38,20,23,9,13,17,7,10,14,28,24,11,6,,,,
8915590,45,55,2,1,14,11,4,2,3,6,15,12,308,384,19,16,12,15,4,1,4,6,1,0,8,4,2,1,10,6,4,5,2,1,,,5,2,2,0,234,296,23,26,57,53,22,18,3,4,55,45,8,11,46,36,11,10,15,5,14,11,17,20,14,9,6,14,0,1,,
8915557,63,37,4,1,12,10,1,4,4,4,10,12,596,357,15,13,11,9,0,1,5,2,0,0,5,3,2,5,10,4,2,6,1,1,3,0,3,1,,,500,274,33,15,76,37,26,32,14,3,55,45,8,11,30,27,24,17,5,5,8,10,14,17,15,22,2,9,,,,
8915587,46,54,4,1,12,5,0,4,6,3,15,18,305,361,15,10,17,13,1,3,4,1,1,0,8,2,0,2,8,3,4,2,1,0,3,1,1,3,4,1,216,267,17,18,53,46,24,12,5,4,59,41,8,9,43,26,22,19,12,5,8,7,15,12,13,22,3,9,,,,
8915563,41,59,2,0,7,17,2,2,4,6,11,9,369,523,17,17,9,10,0,1,4,3,1,0,1,7,2,7,4,10,3,7,2,0,,,0,1,1,0,282,449,30,27,37,51,17,34,2,6,47,53,13,10,29,27,13,20,3,1,11,15,5,11,24,8,14,4,,,,
8915559,33,67,2,5,8,8,3,1,1,5,15,14,259,528,20,21,13,14,6,4,3,4,0,0,3,4,2,0,3,5,5,3,2,1,0,4,4,3,2,3,171,447,22,21,35,68,16,22,0,5,44,56,16,9,41,50,10,15,9,15,11,9,12,9,18,9,10,8,1,0,0,1
8915584,67,33,3,0,15,7,0,6,10,3,9,12,555,280,12,20,11,7,1,2,7,0,0,0,5,5,3,2,12,4,3,3,,,3,0,2,0,1,1,460,183,18,23,66,44,33,28,15,2,47,53,10,7,28,32,19,22,5,5,9,7,10,17,11,15,7,14,,,,
8915555,46,54,2,7,13,14,1,4,6,5,17,16,433,507,12,13,13,16,1,2,5,4,0,1,4,7,4,3,4,12,9,2,1,2,1,5,1,2,1,2,336,416,24,18,45,55,23,29,4,3,41,59,6,3,28,40,12,18,4,13,7,8,19,12,17,19,8,5,0,1,,
8915567,62,38,2,3,16,7,0,5,11,1,16,17,578,367,8,16,16,14,5,5,6,2,2,0,6,4,4,1,10,4,6,3,,,2,3,6,1,2,1,511,278,13,16,81,44,25,29,7,2,57,43,9,4,38,36,20,7,14,6,5,11,10,22,11,28,3,9,1,1,0,1
8915525,46,54,1,4,10,11,4,0,4,4,16,14,342,401,14,14,13,15,3,2,3,6,0,0,6,5,1,0,7,8,3,3,1,2,0,2,4,3,1,2,251,304,23,23,58,53,32,31,3,5,46,54,12,8,33,36,19,25,9,8,9,10,16,12,17,13,10,11,,,,
8915553,61,39,3,1,10,8,3,1,4,5,15,10,568,355,17,20,9,15,1,1,3,4,0,1,6,3,1,1,7,7,3,1,2,1,1,0,1,4,4,2,486,264,28,25,40,51,26,40,1,2,46,54,9,11,39,44,13,17,13,9,9,13,15,10,18,14,4,8,,,,
8915569,63,37,2,1,16,4,2,3,4,2,20,11,527,311,13,10,9,20,1,1,3,3,0,0,10,1,3,0,13,2,3,2,0,1,2,0,3,4,2,2,435,221,27,19,64,55,33,22,5,1,49,51,4,4,28,36,20,13,6,8,8,7,8,9,8,38,4,13,,,,
8915564,34,66,0,2,10,9,3,3,1,7,14,10,343,674,13,11,8,14,2,2,3,4,1,0,3,4,4,1,6,7,4,2,0,1,0,1,1,4,1,1,263,580,19,19,60,70,37,35,5,7,40,60,5,4,25,28,13,28,4,4,9,8,17,5,19,10,9,4,,,1,0
8915565,56,44,0,4,10,15,3,3,7,5,13,13,462,366,17,22,12,10,2,1,4,6,1,0,4,6,2,3,7,12,3,3,0,2,0,2,1,2,3,0,392,282,28,18,62,45,26,16,6,5,52,48,15,10,44,38,15,16,15,7,6,15,16,12,8,28,5,6,0,1,1,0
8915566,65,35,6,2,17,12,2,5,6,4,11,13,535,278,17,17,10,10,4,4,7,4,0,0,5,6,5,2,13,9,4,3,1,2,5,0,5,1,5,2,439,190,26,18,64,36,18,28,7,5,53,47,12,8,35,31,16,15,8,4,7,11,9,19,15,21,3,7,,,0,1
8915562,42,58,0,2,8,11,1,2,0,4,14,10,467,630,12,9,8,13,1,3,3,2,0,0,3,7,2,2,2,7,6,4,0,1,0,1,1,2,1,1,394,558,12,23,32,58,20,30,0,9,48,52,7,8,24,29,12,10,4,7,5,5,10,6,29,10,10,5,0,1,,
8915572,49,51,1,3,18,11,3,4,3,4,17,8,416,433,14,15,7,17,3,3,5,6,1,1,7,3,6,2,9,5,9,6,1,3,,,2,3,0,3,343,361,20,20,46,45,26,19,3,2,53,47,14,9,32,33,20,13,13,3,6,11,15,7,14,19,7,10,,,,
8915570,48,52,3,2,16,11,3,4,7,2,18,14,344,383,24,20,14,17,2,3,8,4,0,0,5,7,3,0,12,5,4,6,1,1,2,1,3,5,0,3,262,305,21,32,44,63,17,28,9,3,50,50,15,18,46,43,13,16,8,7,18,14,14,12,18,14,10,5,1,2,0,1
8915573,61,39,2,5,15,14,4,5,2,2,10,11,585,370,15,21,8,10,2,2,5,7,0,0,7,6,3,1,7,10,8,4,0,3,2,2,1,3,2,0,494,290,25,17,48,52,24,17,3,2,53,47,17,7,36,39,21,11,13,9,12,12,12,19,5,16,10,8,0,1,,
8915552,32,68,3,1,9,14,2,1,4,1,13,10,372,776,13,15,8,11,3,1,3,5,1,1,3,5,3,4,7,6,2,8,2,1,1,0,0,1,,,288,705,21,17,42,92,22,39,5,3,46,54,8,9,35,38,11,17,14,13,11,10,11,12,28,9,5,2,0,1,,
8915539,37,63,2,1,10,14,3,3,1,8,14,9,294,489,14,9,9,12,1,1,4,3,0,0,4,7,2,4,5,10,5,4,1,0,1,1,2,2,3,2,207,399,23,25,47,73,28,25,2,4,44,56,6,7,28,31,12,20,5,10,8,4,17,14,34,9,8,9,,,,
8915547,60,40,4,0,14,7,2,3,5,5,13,18,615,392,14,17,17,12,0,5,7,2,0,0,4,2,3,3,10,3,4,4,3,0,1,0,3,4,1,1,552,320,18,17,51,50,39,26,2,3,58,42,7,3,52,35,12,12,21,6,7,7,9,9,20,16,3,5,2,0,,
8915527,51,49,2,2,17,17,3,5,3,5,13,17,387,371,13,14,14,13,5,4,6,3,0,0,9,7,2,7,8,11,9,6,1,0,1,2,4,3,2,2,289,281,16,24,58,57,31,30,7,6,48,52,6,5,39,37,16,23,12,12,8,11,11,8,16,17,8,9,,,,
8915548,38,62,0,3,7,18,4,1,3,3,17,11,335,558,11,16,11,15,2,1,1,7,0,1,4,6,2,5,5,14,2,4,0,2,0,1,1,0,2,2,272,493,19,19,44,66,24,26,4,11,40,60,7,6,31,45,7,12,9,14,6,13,7,2,10,9,8,6,0,1,,
8915554,40,60,2,0,17,8,2,6,5,7,15,10,342,500,20,18,8,14,1,1,9,2,0,0,3,3,5,3,10,4,7,4,2,0,,,1,0,3,3,266,424,25,18,37,64,15,21,2,3,41,59,10,15,35,53,8,10,7,22,14,10,12,17,22,15,7,3,,,,
8915516,49,51,1,1,11,8,1,3,12,2,15,6,365,400,17,23,5,14,2,0,3,1,0,0,5,4,3,3,6,3,5,5,,,1,1,1,3,0,3,285,311,29,33,54,53,30,25,3,1,41,59,7,12,28,45,13,13,6,9,11,15,18,17,14,23,8,12,,,,
8915540,62,38,4,2,14,6,3,1,8,3,15,11,476,295,17,15,9,12,2,2,3,3,0,0,8,3,3,0,11,3,3,3,1,0,3,2,6,3,1,2,381,189,16,23,69,54,33,25,7,1,49,51,6,7,37,33,23,29,11,6,11,11,10,17,23,27,4,17,,,0,1
8915520,73,27,3,2,16,7,2,5,6,1,11,13,642,241,9,20,12,10,1,5,6,3,1,0,6,1,4,3,10,4,6,3,1,1,2,1,3,1,2,4,554,148,38,13,83,41,28,31,7,1,54,46,6,8,38,35,25,18,18,5,7,14,12,19,2,30,2,15,0,1,,
8915542,59,41,1,1,12,7,1,3,8,0,12,16,560,399,6,13,15,10,1,1,4,2,0,0,6,3,2,2,6,2,6,5,0,1,1,0,4,0,1,0,472,325,28,14,58,30,44,25,9,2,53,47,8,1,33,29,17,15,12,6,3,7,13,22,6,33,8,8,,,,
8915561,52,48,4,1,10,12,3,4,7,7,16,9,540,477,13,8,8,15,2,1,7,3,1,0,2,5,1,4,8,6,2,6,3,0,1,1,1,1,1,2,453,393,17,21,49,46,33,29,5,2,45,55,3,2,29,32,9,14,8,9,7,3,15,9,13,11,5,6,1,0,,
8915549,63,37,0,4,10,12,2,4,7,1,12,18,477,292,7,15,17,10,4,2,6,6,1,0,2,4,2,2,4,7,6,5,0,4,,,3,4,1,1,391,196,24,22,83,51,37,19,4,3,47,53,6,2,38,34,16,28,15,10,4,10,10,12,4,26,7,8,,,1,0
8915560,30,70,0,5,8,12,7,1,3,8,8,6,264,601,8,10,6,8,3,1,2,7,0,1,5,4,1,1,3,11,5,1,0,1,0,4,0,3,1,2,179,522,15,15,54,89,18,62,3,12,46,54,6,6,18,25,15,14,4,7,2,5,16,11,38,3,11,8,,,,
8915656,61,39,3,4,14,9,0,5,8,3,12,18,505,321,19,17,17,11,2,2,6,5,0,1,5,2,3,2,10,5,4,4,3,4,,,4,2,0,3,414,242,19,18,51,47,32,29,10,6,57,43,11,8,50,39,19,14,14,11,9,7,11,5,11,31,3,11,0,1,,
8915685,52,48,2,3,6,10,1,1,7,5,13,12,292,267,8,8,11,12,1,4,3,3,1,0,2,3,1,4,4,6,2,4,1,2,1,1,3,4,1,3,215,191,26,20,53,42,21,21,4,4,49,51,4,5,24,19,13,19,6,2,6,7,8,12,19,18,5,4,,,1,0
8915672,58,42,5,2,14,12,6,5,4,1,14,10,585,414,20,22,9,13,1,2,9,7,0,0,2,2,3,3,9,11,5,1,3,1,2,1,5,2,2,0,503,329,14,18,57,55,26,27,3,6,50,50,16,12,41,45,13,9,12,11,11,13,15,13,13,7,4,2,,,,
8915550,61,39,2,2,9,8,3,2,6,3,12,15,549,362,16,17,12,11,2,3,5,4,0,0,3,2,1,2,7,6,2,2,2,0,0,2,3,3,0,3,468,295,20,16,51,49,19,23,2,4,53,47,9,9,39,36,11,9,12,8,9,13,12,13,11,18,4,12,1,2,,
8915642,33,67,3,1,8,10,0,3,3,4,22,18,278,579,15,7,18,20,3,4,4,0,0,1,3,7,1,3,8,4,0,6,,,3,1,3,4,1,1,208,503,16,20,39,71,19,37,3,4,49,51,5,6,36,34,16,20,3,8,6,3,10,2,23,16,9,7,1,0,,
8915680,33,67,2,3,8,16,3,2,2,5,8,10,290,594,12,9,9,7,1,2,2,3,0,1,4,8,2,5,3,9,5,7,,,2,3,2,4,2,3,206,504,19,26,39,65,21,37,3,5,53,47,6,8,25,23,16,13,5,7,9,4,14,8,20,9,9,9,,,,
8915556,56,44,1,0,14,14,2,6,3,7,17,20,497,369,13,24,20,17,2,5,7,4,0,0,5,5,2,5,7,9,7,5,,,1,0,1,4,,,417,273,15,26,51,49,18,16,5,5,51,49,13,5,44,47,14,9,11,7,10,12,14,11,24,15,7,6,,,,
8915646,50,50,2,1,15,5,1,5,6,4,8,12,358,361,23,16,12,7,1,1,6,2,1,0,6,1,3,2,11,3,4,2,1,0,1,1,1,1,2,1,278,280,25,36,55,53,31,23,8,1,59,41,13,11,46,30,21,17,12,8,13,9,16,12,16,10,8,13,,,,
8915634,44,56,1,2,11,12,3,1,7,9,15,8,304,412,22,22,8,14,3,2,1,3,0,0,7,7,3,2,5,5,6,7,,,1,2,0,1,2,1,235,336,24,26,61,53,38,24,9,5,47,53,12,13,38,49,20,16,9,13,11,17,14,9,14,24,12,10,,,,
8915664,28,72,1,0,7,14,2,2,5,7,17,17,229,605,13,10,15,15,3,2,2,2,0,0,4,5,1,7,6,6,1,8,,,1,0,3,2,1,3,142,542,13,13,39,63,29,22,4,5,55,45,8,9,34,30,18,13,7,6,4,9,14,9,18,3,11,7,0,1,1,0
8915655,37,63,3,0,8,12,4,3,5,7,19,10,261,452,21,19,8,19,5,2,6,4,0,1,1,5,1,3,5,5,3,7,2,0,1,0,1,3,1,2,188,377,21,22,37,56,23,34,4,6,48,52,11,9,43,45,14,17,14,8,15,13,17,14,20,17,8,5,,,1,0
8915624,57,43,1,3,14,14,5,1,4,6,15,13,450,342,26,18,13,12,2,2,2,7,0,1,8,4,4,3,9,11,5,3,1,1,0,2,5,2,1,0,386,272,19,30,64,41,23,26,5,4,55,45,15,19,49,38,13,12,10,8,16,11,17,15,9,7,7,13,0,3,,
8915706,71,29,2,3,16,10,1,7,7,4,13,14,617,246,8,18,14,11,1,4,8,3,0,0,4,1,4,6,9,6,7,4,1,2,1,1,3,2,1,1,554,169,19,13,67,55,28,31,9,3,46,54,13,3,30,36,17,19,8,8,4,10,6,12,10,19,2,14,,,,
8915696,55,45,4,0,11,8,1,4,7,3,12,11,464,376,26,9,10,9,2,1,7,2,0,0,2,2,2,4,6,5,5,3,1,0,3,0,3,0,0,1,386,301,17,32,39,48,13,36,4,5,54,46,8,17,38,33,12,9,2,15,14,5,14,12,13,19,4,4,,,,
8915676,41,59,2,1,9,13,2,2,3,9,10,13,360,520,14,6,11,8,2,4,3,3,0,0,3,5,3,5,4,9,5,4,1,0,1,1,2,3,,,291,452,13,14,45,35,21,44,6,5,54,46,4,7,31,29,12,8,6,15,10,4,14,9,17,7,5,11,,,,
8915692,35,65,3,1,11,16,2,3,2,5,13,9,356,643,25,11,6,13,3,1,4,2,0,0,4,9,3,5,7,9,4,7,,,3,1,1,3,0,2,258,554,14,20,45,77,33,20,4,7,50,50,5,9,34,36,20,18,4,12,11,5,14,8,26,7,12,5,1,0,,
8915623,65,35,1,0,20,3,1,1,13,1,13,23,501,287,15,15,22,13,1,0,2,1,0,0,11,2,7,0,10,2,10,1,,,1,0,3,1,1,0,405,190,25,22,62,45,26,28,10,1,52,48,12,9,46,41,19,18,9,14,11,10,10,13,7,29,3,14,,,,
8915663,64,36,3,2,9,10,4,2,10,3,16,10,555,308,13,6,10,16,1,1,3,4,0,0,4,4,2,2,7,5,2,5,1,0,2,2,1,3,1,1,459,230,13,14,55,40,15,29,6,5,47,53,5,6,30,31,17,21,7,10,8,5,12,15,5,26,9,7,,,,
8915630,51,49,4,0,11,8,0,2,5,1,15,11,496,479,20,20,11,14,2,2,4,0,0,0,3,7,4,1,9,4,2,4,2,0,2,0,0,3,2,3,419,410,18,12,44,50,22,22,1,3,47,53,9,14,40,42,9,14,9,8,14,14,14,15,4,13,9,9,,,0,1
8915651,75,25,2,2,28,5,1,10,7,4,7,11,722,233,12,15,10,6,1,4,11,2,2,0,12,2,5,1,12,3,16,2,1,1,1,1,3,2,,,660,156,22,20,86,38,26,25,7,3,54,46,9,2,37,31,21,18,15,10,8,10,15,7,13,23,4,13,,,,
8915702,27,73,3,3,6,23,4,1,4,8,17,8,225,578,22,21,8,16,2,3,2,5,1,0,3,11,1,7,6,11,0,12,1,0,2,3,0,4,2,0,147,507,20,20,51,81,23,29,2,7,40,60,17,11,36,53,12,20,6,16,12,14,10,13,30,8,18,4,,,,
8915625,55,45,1,3,11,11,4,2,4,4,14,9,498,412,13,14,9,13,2,1,3,5,1,1,5,4,3,2,6,7,5,4,0,1,1,2,0,3,3,0,444,327,17,22,49,50,30,28,5,3,49,51,6,6,26,39,19,8,5,12,7,11,14,7,18,17,5,7,1,0,,
8915679,54,46,2,5,12,11,4,5,1,1,5,10,507,427,20,14,9,5,3,3,7,8,0,0,4,3,1,0,6,8,6,3,1,3,1,2,4,1,2,4,433,352,23,19,68,47,32,32,2,3,56,44,9,10,36,32,16,9,7,13,12,9,12,12,5,16,6,6,1,0,,
8915694,48,52,2,3,17,13,6,4,4,5,14,11,401,437,21,19,11,13,2,2,7,6,3,0,7,6,3,1,9,8,8,5,2,0,0,3,4,4,1,1,322,350,12,23,34,53,21,27,3,4,50,50,16,10,38,38,15,14,6,6,11,9,6,4,8,11,7,8,,,,
8915709,51,49,1,0,15,13,3,5,1,2,9,16,445,415,11,16,15,9,2,0,6,3,0,0,4,5,5,5,9,8,6,5,1,0,,,3,0,,,345,313,26,23,68,55,33,31,4,3,54,46,6,5,35,32,26,20,9,7,5,7,6,12,21,16,11,11,,,,
8915620,29,71,2,2,6,16,5,0,2,13,8,3,246,596,13,16,3,8,1,1,2,5,0,0,4,9,0,2,5,9,1,7,2,0,0,2,1,2,4,7,172,516,21,34,35,68,24,30,0,8,43,57,4,5,23,35,14,14,7,11,9,13,16,9,35,8,13,3,,,,
8915644,26,74,2,2,8,14,4,0,4,7,14,15,203,580,10,15,15,10,,,1,4,0,2,3,8,4,2,6,6,2,8,1,0,1,2,3,2,5,4,130,517,21,22,48,62,25,32,4,2,47,53,12,5,33,34,13,18,8,9,6,12,14,8,29,9,13,5,1,0,,
8915622,61,39,2,3,15,16,4,0,5,2,8,15,441,293,11,24,13,8,2,4,2,7,0,0,10,8,3,1,9,13,6,3,1,2,1,1,3,2,4,3,363,199,24,26,73,31,31,21,7,6,53,47,12,5,32,43,25,8,8,11,7,15,9,7,10,28,11,12,,,,
8915698,40,60,0,1,12,17,7,3,2,7,13,10,377,586,17,12,10,13,4,3,3,7,1,0,6,6,3,4,3,9,9,8,,,0,1,4,3,,,310,519,14,21,46,62,20,16,3,7,56,44,7,6,42,29,16,16,15,4,11,8,5,5,20,8,6,9,,,0,1
8915632,47,53,4,4,17,9,5,3,3,9,15,15,411,478,14,20,15,14,5,2,4,7,0,1,9,2,4,0,12,7,5,2,1,1,3,3,3,2,2,2,363,403,14,17,52,29,35,22,9,2,52,48,8,9,38,41,17,10,9,8,10,12,17,6,12,10,4,10,1,2,1,0
8915619,42,58,5,1,9,13,4,3,2,5,15,15,363,508,9,17,11,14,1,2,6,5,0,1,3,7,0,1,6,8,3,5,3,1,2,0,3,2,1,0,291,429,12,23,52,44,30,25,5,5,43,57,7,5,24,40,15,11,6,10,7,10,8,8,22,8,12,6,,,1,0
8915629,62,38,1,1,13,5,2,5,7,3,9,10,611,387,7,15,8,8,2,4,5,3,0,0,3,1,5,1,7,3,6,2,,,1,1,3,0,3,1,529,313,19,14,86,37,29,20,7,1,43,57,6,2,20,29,9,10,5,5,5,7,9,22,3,21,5,3,0,1,,
8915652,53,47,2,1,15,12,5,4,5,3,14,20,426,377,13,24,18,12,4,4,5,6,1,0,4,4,6,2,11,9,4,3,,,2,1,3,2,1,1,326,276,30,23,64,50,32,25,2,3,50,50,13,9,45,39,12,17,15,4,8,18,17,20,12,13,7,7,,,,
8915677,46,54,2,2,12,10,2,1,3,2,16,19,340,409,25,14,19,16,1,2,4,6,0,0,6,3,2,1,9,8,3,2,0,1,2,1,5,5,1,1,255,321,23,21,51,52,22,20,8,4,52,48,8,21,53,43,11,16,10,13,11,9,12,18,12,18,4,15,,,,
8915616,62,38,0,1,14,5,1,3,4,4,11,9,483,294,15,14,8,10,1,1,3,1,0,0,10,3,1,1,7,3,7,2,,,0,1,2,2,3,4,409,201,13,14,76,42,31,25,7,2,48,52,8,8,31,33,23,26,8,9,7,9,5,8,22,25,8,18,,,,
8915681,64,36,2,1,25,10,1,7,8,1,13,12,571,341,12,16,11,12,2,4,10,3,0,0,5,3,10,4,12,6,13,4,2,1,,,4,1,0,2,489,256,23,14,68,44,27,25,12,3,50,50,8,10,34,36,16,15,11,8,5,11,9,13,6,35,3,7,,,,
8915657,63,37,4,3,17,11,3,5,8,3,10,15,507,297,16,10,14,10,2,2,9,3,0,0,6,5,2,3,11,8,6,3,1,0,3,3,5,3,2,1,432,216,26,19,61,39,31,28,8,6,49,51,7,9,33,27,13,21,5,7,6,5,14,8,10,25,5,9,,,,
8915711,41,59,1,3,8,17,6,3,3,5,11,8,367,496,20,6,8,11,2,3,5,8,0,0,3,5,0,4,6,10,2,7,0,2,1,1,2,2,0,1,293,438,17,28,64,58,35,34,4,10,53,47,2,10,31,21,9,14,3,4,13,4,10,9,23,13,14,4,,,,
8915617,65,35,1,0,19,8,1,6,10,3,6,15,516,284,7,10,14,5,0,3,6,1,0,0,10,3,3,4,12,3,7,5,,,1,0,3,3,2,0,434,193,22,20,69,55,33,21,10,3,57,43,5,6,31,21,21,19,11,6,3,7,1,6,13,23,11,18,,,,
8915697,53,47,1,1,17,8,3,3,7,3,11,13,506,448,15,19,11,9,2,2,5,6,0,0,8,1,4,1,7,6,10,2,1,1,,,2,0,,,435,369,14,24,76,40,31,38,3,1,45,55,9,9,38,42,12,20,12,14,11,8,3,7,13,13,4,10,1,1,,
8915638,62,38,3,3,9,7,1,3,5,2,12,17,504,307,12,21,17,11,1,2,3,3,0,0,4,1,2,3,6,6,3,1,0,2,3,1,5,4,0,1,421,209,21,34,54,49,20,21,3,2,54,46,8,4,41,41,17,9,12,9,8,17,10,11,10,20,6,9,,,,
8915650,51,49,2,4,13,13,2,3,6,4,13,14,418,398,19,11,14,11,1,3,5,5,0,0,4,5,4,3,10,9,3,4,0,2,2,2,1,1,2,2,352,323,12,26,59,60,29,26,6,5,54,46,6,14,38,28,9,12,5,6,11,3,7,11,15,15,7,9,1,0,,
8915626,49,51,1,1,10,10,1,2,6,1,17,22,394,421,13,19,21,17,3,4,3,2,0,0,4,6,3,2,6,8,4,2,0,1,1,0,6,2,1,0,311,337,26,17,56,48,21,21,4,3,47,53,13,5,41,43,19,24,8,7,7,11,12,10,15,23,7,3,0,1,,
8915618,40,60,1,1,3,9,4,0,2,7,13,16,364,555,14,6,14,11,4,0,1,4,0,1,2,5,0,0,2,6,1,3,1,0,0,1,0,3,2,0,290,471,16,22,51,60,31,30,2,6,60,40,2,7,36,21,13,11,8,4,6,4,12,8,16,10,13,4,,,,
8915673,42,58,2,4,6,14,3,0,3,8,13,11,400,559,17,22,9,13,1,1,1,6,0,0,4,5,1,3,3,10,3,4,1,2,1,2,3,4,1,4,329,491,20,18,31,51,19,15,5,1,43,57,13,12,35,45,7,10,10,10,10,11,10,11,15,11,9,7,0,1,,
8915675,60,40,3,2,18,14,5,1,9,6,14,12,416,274,15,17,11,14,2,2,3,7,1,1,10,3,5,4,12,11,6,3,2,2,1,0,3,3,1,5,339,192,24,21,77,53,30,26,6,3,46,54,9,8,31,37,18,20,5,7,10,9,11,19,12,17,6,15,,,,
8915688,50,50,1,2,8,17,5,4,1,6,18,11,508,507,9,10,10,17,3,3,5,7,0,0,2,7,1,3,4,9,4,8,0,1,1,1,4,3,2,1,418,434,19,23,51,56,23,22,2,5,44,56,6,7,25,34,9,9,6,8,7,4,7,17,9,11,12,6,,,1,0
8915598,52,48,2,3,8,13,2,5,4,7,11,11,494,434,17,10,11,11,1,1,6,3,0,0,1,7,1,3,6,9,2,4,1,1,1,2,3,4,2,2,427,384,17,25,30,59,8,29,2,7,53,47,7,7,37,34,12,10,10,13,12,8,8,12,29,8,9,1,,,,
8915615,57,43,1,4,9,9,1,2,6,3,19,11,511,385,13,13,9,19,5,2,4,3,0,0,3,5,2,1,6,6,3,3,1,2,0,2,2,4,2,1,437,303,24,14,67,48,34,18,3,4,50,50,5,7,33,41,20,12,12,9,9,9,8,10,12,22,8,10,,,,
8915682,48,52,4,3,19,24,5,5,9,6,11,7,398,427,14,21,7,11,2,1,9,8,0,0,5,8,5,8,12,13,7,11,3,2,1,1,1,1,2,0,331,365,16,27,52,66,27,21,6,6,48,52,9,12,26,37,16,8,5,5,11,12,7,9,26,10,10,7,,,,
8915607,54,46,5,3,21,13,7,6,7,7,13,11,465,396,15,7,10,10,2,0,9,9,0,0,4,2,8,2,14,7,7,6,3,2,2,1,3,3,1,4,391,315,18,15,51,45,12,29,4,4,56,44,2,9,35,29,16,11,10,12,7,4,8,15,18,15,5,13,0,1,,
8915610,33,67,1,1,7,7,3,0,1,1,22,11,263,571,22,9,10,21,1,3,0,3,0,0,6,3,1,1,4,1,3,6,,,1,1,5,5,5,2,165,464,35,27,49,80,25,19,5,1,44,56,6,20,38,36,12,27,6,7,12,7,15,11,11,14,6,7,,,,
8915666,52,48,1,0,15,8,2,3,2,6,16,12,402,372,17,6,12,16,1,1,4,2,1,0,8,5,3,1,8,5,7,3,,,1,0,4,1,1,0,340,303,14,22,59,51,30,25,7,3,53,47,1,8,35,34,16,12,6,12,8,4,6,5,15,12,10,18,0,1,,
8915601,50,50,2,0,15,5,1,5,6,3,13,22,377,386,17,16,20,12,1,3,6,2,0,0,8,2,1,1,7,3,8,2,1,0,1,0,7,4,1,0,279,313,24,14,63,46,27,45,4,1,56,44,9,9,49,37,19,17,14,9,8,12,12,24,8,20,5,10,1,0,,
8915609,53,47,1,1,15,9,4,3,7,5,15,11,440,397,24,18,11,14,1,3,4,5,0,1,7,1,4,3,6,6,9,3,1,0,0,1,3,0,1,2,359,318,23,17,51,60,25,21,7,4,54,46,9,12,43,45,28,16,8,13,15,9,10,18,19,12,4,9,,,,
8915647,53,47,4,2,17,8,2,4,4,4,10,13,464,414,14,20,12,10,3,2,7,4,0,1,7,2,3,2,11,3,6,5,2,2,2,0,2,4,2,2,398,331,18,20,52,71,35,29,7,3,49,51,16,8,34,39,15,11,8,10,5,10,18,7,15,16,7,11,2,0,,
8915714,50,50,1,0,9,7,3,3,4,3,11,10,483,493,12,12,10,10,3,1,3,4,1,0,5,2,1,1,4,3,5,4,,,1,0,4,1,0,2,383,383,23,23,79,39,40,18,4,0,54,46,7,8,28,31,24,13,7,11,8,5,6,7,8,20,4,11,1,0,,
8915606,50,50,1,0,12,14,2,4,4,7,11,10,452,432,10,11,10,9,1,0,6,3,1,0,4,7,2,4,4,6,8,8,,,1,0,3,2,0,2,350,335,25,28,80,47,37,29,5,4,52,48,8,7,26,27,24,19,6,8,5,5,6,19,24,15,9,4,,,,
8915614,56,44,0,2,12,5,4,4,4,0,10,14,462,365,14,17,13,9,4,1,4,4,1,0,8,1,0,0,7,4,5,1,,,0,2,1,1,1,1,385,288,27,31,57,48,31,17,8,1,53,47,11,9,34,34,17,11,7,8,12,9,12,19,15,15,5,14,,,1,0
8915621,36,64,4,1,15,15,6,4,2,10,9,15,397,698,17,16,14,9,1,3,6,6,0,0,6,3,3,6,8,6,7,9,2,0,2,1,6,0,2,0,323,629,12,24,43,49,24,17,2,4,51,49,12,13,40,40,9,8,9,15,11,9,14,9,19,6,6,6,1,0,,
8915602,26,74,0,4,3,22,7,1,1,8,17,13,235,645,9,13,12,16,7,1,1,8,0,2,1,9,1,5,1,11,2,11,0,1,0,3,0,8,1,4,167,588,12,19,43,103,19,28,0,6,41,59,6,4,24,40,12,12,3,12,7,8,4,11,27,2,11,1,,,2,0
8915613,64,36,2,0,19,6,0,4,3,0,19,18,607,342,22,22,14,17,4,1,7,1,0,0,4,2,8,3,7,2,12,4,2,0,,,6,5,6,1,521,239,17,25,64,58,26,32,4,1,54,46,11,10,49,49,19,10,13,10,15,14,19,14,13,10,4,7,,,,
8915669,62,38,2,2,7,10,1,2,5,5,12,9,541,317,13,17,9,12,0,1,3,2,0,1,2,6,2,2,5,9,2,1,1,1,1,1,1,2,2,1,454,244,16,21,60,63,25,25,2,5,53,47,7,7,30,31,20,13,8,3,9,12,5,10,23,7,10,7,,,,
8915612,47,53,1,2,12,9,3,4,4,4,12,9,357,395,18,9,8,11,2,5,6,4,1,1,5,4,1,1,7,6,5,3,1,1,0,1,1,3,1,1,276,309,12,21,47,46,34,15,5,3,54,46,4,11,30,32,22,13,6,12,11,5,10,12,15,12,11,9,,,0,1
8915674,50,50,0,2,3,13,4,0,4,3,17,7,474,476,12,16,7,16,1,0,0,5,0,2,2,5,1,3,2,8,1,5,,,0,2,1,2,2,2,396,389,26,34,44,41,27,32,3,4,38,62,12,7,24,40,10,15,5,8,7,8,21,17,20,11,5,8,,,,
8915690,63,37,2,4,14,13,3,4,7,5,10,14,555,310,10,7,12,9,0,3,6,6,0,0,5,2,3,5,9,9,5,4,1,1,1,3,3,1,1,0,468,229,19,13,84,57,40,22,8,6,51,49,3,5,30,23,17,22,8,7,6,5,8,14,10,36,9,10,,,,
8915611,61,39,5,2,21,11,1,7,7,3,8,12,563,349,16,10,11,8,2,1,11,3,1,1,6,5,4,3,18,7,3,4,2,2,3,0,1,1,4,1,477,261,28,24,59,39,31,31,4,5,56,44,3,10,39,24,18,21,12,7,11,4,18,19,12,11,7,8,1,0,,
8915703,49,51,6,3,16,18,5,6,4,4,14,10,416,426,22,15,10,13,3,2,9,6,0,0,6,9,1,3,13,12,3,6,2,1,4,2,3,2,2,0,341,348,17,23,48,54,31,17,7,5,53,47,6,14,38,33,10,9,6,5,14,11,9,8,20,14,9,7,2,1,,
8915668,60,40,3,4,5,10,3,2,0,4,19,22,542,342,13,20,20,18,5,2,3,5,0,2,1,3,1,2,3,5,2,5,1,2,2,2,1,3,2,6,454,259,22,24,50,46,29,28,0,4,51,49,8,8,43,46,16,10,10,8,9,7,10,18,15,6,7,6,,,,
8915718,40,60,5,2,14,14,6,2,7,2,10,14,330,522,24,8,12,10,5,2,3,7,2,0,8,3,3,4,6,7,8,7,1,1,4,1,6,2,5,1,272,463,20,18,39,60,28,27,3,8,53,47,1,16,41,32,6,10,5,14,11,6,4,9,14,27,6,9,2,1,1,1
8915662,49,51,7,4,18,16,4,9,7,6,16,11,413,421,14,9,11,14,1,6,15,7,1,0,3,4,0,5,12,10,6,6,5,2,2,2,3,3,3,0,360,356,20,16,42,39,30,20,0,5,50,50,4,11,37,35,4,6,12,12,13,7,10,12,15,9,2,7,,,0,1
8915649,69,31,1,0,16,8,2,5,11,1,7,9,678,302,17,20,8,7,0,2,6,2,1,0,6,4,4,2,6,4,10,4,1,0,,,3,0,2,0,591,228,18,24,89,35,21,25,3,4,52,48,8,6,38,30,14,18,13,4,11,8,11,16,6,25,3,9,,,,
8915710,46,54,2,2,8,16,6,1,5,6,18,16,376,446,20,16,14,17,2,1,3,9,0,0,3,5,2,2,6,6,2,10,1,2,1,0,5,4,5,2,294,376,22,19,38,79,30,17,5,1,51,49,10,13,47,45,13,12,13,13,12,10,8,13,14,15,8,4,2,0,,
8915687,44,56,1,4,21,12,3,4,5,6,11,9,379,491,8,9,9,10,2,3,5,5,1,0,9,4,7,3,9,8,12,4,0,2,1,2,3,2,2,1,320,429,18,18,54,44,45,23,7,5,48,52,6,4,20,25,13,11,3,6,6,4,7,4,5,18,8,14,,,0,1
8915695,65,35,,,21,7,2,4,8,2,11,10,519,280,11,13,10,11,1,3,5,2,0,0,10,4,6,1,12,4,9,3,,,,,4,2,1,0,455,206,20,14,54,44,49,18,8,3,51,49,8,4,30,31,15,12,9,7,8,8,9,15,12,29,8,15,,,,
8915661,61,39,,,16,11,1,2,4,3,15,11,563,353,11,12,10,15,3,0,2,1,3,0,11,6,3,4,5,2,11,9,,,,,1,1,1,1,479,262,18,20,63,52,34,31,3,1,48,52,4,5,29,33,17,16,8,6,7,9,15,11,20,22,9,11,2,0,0,1
8915691,50,50,1,3,15,10,2,0,8,4,8,19,405,397,20,11,17,8,1,4,0,3,0,0,10,5,5,2,10,7,5,3,0,1,1,2,1,1,3,1,322,323,25,25,56,60,35,31,4,8,60,40,4,7,53,24,10,18,16,5,13,7,11,10,21,26,6,12,,,,
8915715,61,39,5,3,17,9,1,7,3,3,8,14,588,361,13,15,14,8,0,3,13,1,1,1,3,7,1,1,12,6,5,3,4,0,1,3,4,3,0,1,531,301,11,18,53,41,23,30,1,6,52,48,8,6,36,33,6,6,10,10,7,8,13,6,8,9,9,5,2,1,,
8915671,41,59,3,2,14,7,0,2,7,2,12,10,380,557,19,13,10,10,1,1,5,3,0,0,6,3,3,1,12,4,2,3,1,2,2,0,4,2,1,1,320,499,17,13,51,51,34,23,5,5,45,55,4,15,34,36,6,12,5,13,9,7,16,6,4,17,9,8,,,,
8915658,55,45,2,1,8,13,3,1,0,4,12,8,478,390,14,18,7,12,2,2,1,5,1,0,6,3,1,5,5,6,3,7,,,2,1,2,1,,,421,333,14,24,50,58,31,19,4,3,48,52,11,4,32,36,7,7,11,6,8,9,13,7,8,3,9,10,1,0,,
8915639,35,65,6,2,21,10,2,4,7,5,14,20,278,563,10,11,20,13,2,4,9,3,0,0,7,2,5,5,17,4,4,6,4,1,2,1,4,0,2,1,234,507,12,17,40,42,22,14,10,2,52,48,6,7,36,31,4,6,7,7,6,7,15,11,12,16,3,8,1,0,,
8915683,36,64,0,1,6,22,8,1,2,6,10,17,289,532,12,11,16,10,1,1,1,10,0,0,2,7,3,5,4,13,2,9,,,0,1,3,1,0,1,214,472,29,23,56,65,31,22,6,6,52,48,7,4,33,27,7,10,5,6,7,8,9,20,11,5,14,6,,,,
8915635,71,29,1,0,8,8,2,1,7,5,10,10,696,281,8,17,9,10,3,5,3,3,0,2,3,2,2,3,7,7,1,1,,,1,0,3,0,2,1,627,216,24,13,48,43,22,30,5,5,44,56,11,2,22,31,9,8,5,4,3,8,7,24,13,12,8,7,,,,
8915684,40,60,1,1,9,18,5,5,1,5,17,9,393,586,13,16,7,15,0,1,8,5,0,0,1,5,0,8,7,8,2,10,1,0,0,1,,,2,1,318,503,15,13,64,48,30,31,2,4,44,56,8,6,30,41,11,12,10,10,8,11,11,5,15,8,8,3,1,0,,
8915637,55,45,3,1,17,7,0,1,9,4,10,13,457,386,9,12,13,8,2,1,2,1,2,0,14,4,1,2,11,4,6,3,0,1,3,0,0,1,2,3,390,310,21,13,48,30,33,25,9,5,56,44,9,6,33,29,16,10,12,10,5,9,10,6,12,24,7,21,,,,
8915712,60,40,7,0,28,11,1,7,10,5,17,12,654,413,14,5,11,15,0,3,10,2,0,0,10,6,8,3,21,6,7,5,2,0,5,0,3,1,2,1,588,364,9,13,53,40,48,26,11,10,53,47,4,11,38,32,11,12,13,12,4,5,10,14,15,12,7,8,1,0,,
8915701,57,43,0,1,11,11,4,5,4,14,15,13,458,337,10,16,13,15,2,1,5,5,0,1,6,5,0,1,5,7,6,4,,,0,1,3,2,3,3,385,256,22,18,70,52,34,37,6,4,47,53,9,7,30,41,26,22,7,10,5,10,10,11,22,14,7,9,,,,
8915643,58,42,3,4,12,13,2,2,3,4,8,16,428,312,7,14,15,7,0,5,2,3,0,0,9,8,1,2,8,9,4,4,0,1,3,3,4,2,3,1,339,234,16,33,67,55,39,27,6,3,60,40,2,2,27,24,23,9,6,3,5,6,11,20,20,12,11,11,0,1,1,1
8915686,57,43,4,0,14,9,2,2,8,6,20,10,533,388,14,14,10,19,2,2,7,3,0,0,3,3,4,3,12,4,2,5,3,0,1,0,3,6,0,3,471,314,20,19,46,41,35,24,3,2,41,59,9,10,32,43,5,11,8,11,10,9,14,13,13,12,6,5,1,0,,
8915713,41,59,3,2,9,7,1,2,4,5,18,18,319,470,15,17,17,17,4,3,5,2,0,0,2,4,2,1,5,4,4,3,3,1,0,1,4,4,3,2,239,388,21,29,59,54,26,11,3,1,44,56,11,4,38,43,11,19,6,9,9,9,15,9,10,6,7,6,,,,
8915631,59,41,2,1,8,10,5,3,5,3,12,9,537,383,19,13,9,10,3,1,3,6,0,0,2,2,3,2,4,4,4,6,0,1,2,0,2,5,1,1,473,312,23,14,74,56,27,20,3,2,53,47,5,13,34,30,8,8,6,8,9,9,7,10,9,20,6,9,,,,
8915670,50,50,4,2,14,11,2,2,1,3,11,8,419,419,14,18,8,10,1,1,3,2,2,0,10,4,1,5,9,8,5,3,,,4,2,2,3,4,0,355,343,18,23,63,53,33,38,6,3,49,51,11,10,31,42,20,12,9,14,7,13,8,10,9,11,8,9,,,,
8915654,55,45,1,0,11,11,1,2,5,3,9,12,490,407,18,13,11,9,2,2,2,1,0,0,7,4,2,6,6,6,5,5,,,1,0,2,1,3,2,397,319,18,18,71,62,47,44,6,1,56,44,8,11,37,31,17,12,9,9,11,6,10,8,6,13,10,11,,,,
8915641,32,68,2,5,15,19,5,4,5,12,17,10,248,500,11,10,10,17,2,0,5,7,0,0,5,8,5,4,12,16,3,3,1,2,1,3,2,2,2,1,157,426,17,15,52,57,22,28,1,11,42,58,5,5,34,45,12,18,14,18,8,5,12,12,23,11,11,8,,,,
8915699,42,58,,,11,7,2,2,5,7,7,8,458,663,16,14,7,7,0,2,2,2,0,0,7,3,2,2,6,4,5,3,,,,,1,1,0,1,412,608,10,14,60,39,45,22,7,1,56,44,7,9,27,24,7,3,4,3,10,9,3,9,11,14,6,12,0,1,,
8915708,61,39,1,2,14,7,1,6,5,3,11,14,588,368,10,19,14,9,1,3,8,2,0,0,4,4,2,1,8,4,6,3,1,1,0,1,2,1,5,4,524,286,13,21,66,45,26,30,3,5,52,48,8,7,42,35,14,16,19,8,6,10,10,11,14,10,8,7,1,0,,
8915717,55,45,0,3,9,12,5,1,4,3,10,10,511,439,12,16,9,8,3,0,1,9,0,0,4,2,4,1,5,8,4,4,0,3,,,2,3,3,0,424,369,19,10,73,53,36,37,4,2,48,52,12,4,27,30,12,12,5,6,6,11,8,16,6,21,5,8,,,1,0
8915678,42,58,1,1,27,10,4,5,10,1,10,7,378,574,18,12,7,10,2,2,6,5,1,1,13,4,8,1,12,6,15,4,,,1,1,3,1,4,0,322,507,15,17,48,64,29,32,9,2,56,44,8,14,38,28,15,14,13,7,12,7,18,10,9,21,5,15,,,0,1
8915667,63,37,3,1,13,10,4,4,7,2,18,11,564,322,15,12,10,18,4,1,6,6,1,0,5,1,2,3,12,4,1,6,2,1,1,0,4,3,6,3,494,266,20,18,50,44,35,29,1,5,46,54,4,9,29,36,8,8,4,6,8,7,10,17,13,22,1,8,,,,
8915640,74,26,,,3,7,2,0,1,6,7,7,898,293,9,11,7,7,1,1,0,2,0,1,1,3,2,2,2,5,1,2,,,,,1,2,4,0,846,230,13,19,60,38,29,29,1,5,49,51,6,2,27,21,3,10,11,4,4,6,6,6,14,8,5,4,,,,
8915659,53,47,2,2,17,5,2,4,8,2,21,19,429,406,23,17,17,21,2,7,5,5,1,0,8,0,4,0,10,3,7,2,1,1,1,1,3,0,4,0,366,320,19,11,74,31,36,22,8,0,54,46,11,9,56,48,15,13,17,12,7,9,10,11,3,21,2,13,,,0,1
8915633,43,57,3,8,7,19,5,2,1,6,12,6,395,497,19,21,5,8,6,0,3,10,0,0,2,8,2,1,5,16,2,3,1,4,2,4,0,5,0,3,320,438,14,23,42,80,32,30,2,8,51,49,16,10,36,37,9,7,12,8,10,12,13,12,16,9,16,3,0,2,1,0
8915645,61,39,2,2,19,14,1,6,8,1,14,9,530,331,10,18,9,12,2,3,7,3,0,2,9,7,3,4,12,6,7,8,1,2,1,0,4,3,1,3,452,251,24,18,59,39,21,29,9,5,43,57,8,5,32,40,11,18,13,10,7,14,8,8,15,27,6,13,1,0,,
8915689,62,38,2,4,19,10,1,3,9,3,14,12,433,283,10,17,10,12,4,2,7,6,0,0,7,2,5,2,10,7,9,3,1,3,1,1,4,5,2,3,349,195,30,19,73,42,25,26,10,2,43,57,9,6,28,34,12,18,8,5,5,8,13,18,5,34,5,13,,,,
8915700,44,56,3,2,15,7,0,4,4,6,8,17,383,505,13,15,16,8,2,2,9,3,0,0,4,4,2,0,10,7,5,0,2,2,1,0,4,1,,,326,440,22,16,50,42,27,31,4,2,52,48,4,5,40,32,5,9,12,9,9,9,7,13,8,12,8,5,1,1,,
8915704,42,58,4,2,10,16,6,2,2,3,27,12,320,440,16,15,10,25,4,3,5,7,0,0,3,7,2,2,4,9,6,7,3,1,1,1,1,7,1,1,224,328,12,22,51,64,25,41,3,4,37,63,8,10,32,55,13,21,7,15,15,10,16,15,29,9,12,6,1,1,,
8915660,58,42,2,1,12,11,1,3,5,4,12,14,478,331,7,16,14,12,2,1,4,2,0,0,3,9,5,0,10,9,2,2,1,0,1,1,1,1,0,2,401,264,22,25,62,59,42,27,6,7,38,62,8,3,24,37,11,20,3,10,4,5,9,12,16,23,13,5,,,,
8915705,58,42,0,1,10,8,3,3,1,4,13,16,616,430,17,10,15,13,3,2,3,3,0,0,5,4,2,1,4,6,6,2,,,0,1,1,2,1,0,546,376,11,16,35,47,34,37,2,1,59,41,5,10,44,31,8,5,15,8,12,4,15,6,9,8,8,5,,,,
8915648,73,27,6,2,24,8,2,6,6,0,13,16,638,237,19,14,16,11,0,2,11,3,1,0,8,3,5,2,13,3,11,5,4,1,2,1,6,1,3,1,580,171,19,12,88,31,27,28,5,1,52,48,6,12,39,42,9,3,4,17,13,6,11,17,4,15,5,10,2,0,0,1
8915665,67,33,0,1,12,9,3,4,3,1,12,14,551,272,18,19,13,11,1,1,4,4,0,1,4,4,4,1,8,3,4,6,0,1,,,1,0,3,0,466,185,24,21,95,64,61,31,5,3,47,53,11,8,37,37,10,16,6,8,11,11,12,20,9,18,8,9,,,,
8915716,43,57,1,2,10,21,8,3,6,3,11,18,413,546,13,14,18,11,2,1,3,9,0,1,2,9,5,3,5,11,5,10,0,1,1,1,3,2,1,3,334,480,20,16,39,49,32,25,1,5,52,48,5,8,37,29,10,15,6,5,7,7,10,9,13,12,10,4,,,,
8915653,57,43,4,1,19,6,2,7,7,1,14,11,486,382,13,18,10,14,2,3,9,3,0,0,8,1,2,2,14,3,5,3,1,1,3,0,5,2,1,1,422,309,25,19,61,38,50,21,13,0,55,45,11,8,33,34,19,9,10,2,9,11,11,7,4,22,6,10,,,,
8915636,38,62,1,3,14,9,1,5,6,1,12,8,412,712,11,11,7,9,1,0,5,3,0,1,7,5,2,1,8,5,6,4,0,2,1,1,4,2,2,0,362,651,14,10,54,49,31,31,4,0,54,46,4,6,27,25,6,3,9,5,9,6,10,10,5,20,6,10,,,,
8915693,68,32,4,1,33,5,0,7,15,0,8,12,555,281,13,23,10,7,,,10,1,0,0,15,4,8,0,24,3,9,2,2,0,2,1,7,1,5,1,476,200,23,20,86,38,19,32,19,1,47,53,15,6,45,45,18,25,22,16,10,15,8,15,1,60,6,16,1,0,,
8915707,40,60,3,2,9,14,1,2,3,6,17,13,342,511,31,20,12,15,1,1,3,3,2,0,6,6,0,5,7,10,2,4,1,2,2,0,1,4,1,0,260,428,27,22,42,54,25,10,5,9,57,43,12,21,56,39,19,17,13,5,16,16,6,8,18,10,11,5,,,,
8915628,23,77,4,2,9,10,2,1,2,11,14,10,191,593,20,9,10,13,5,2,3,4,0,0,5,1,1,5,6,5,3,5,1,1,3,1,1,8,1,2,127,528,17,26,37,81,18,27,3,6,48,52,4,14,31,33,16,18,3,11,11,7,12,6,39,3,8,6,,,1,0
8915627,65,35,2,2,20,9,3,9,9,2,7,8,648,343,14,15,7,6,1,2,11,4,2,1,3,5,6,0,12,5,8,4,1,0,1,2,1,2,2,1,570,260,23,27,67,44,25,21,2,4,47,53,9,10,32,30,8,16,11,9,9,11,14,19,13,10,9,5,1,0,,
